-- phpMyAdmin SQL Dump
-- version 4.5.1
-- http://www.phpmyadmin.net
--
-- Host: 127.0.0.1
-- Generation Time: Sep 19, 2016 at 10:34 AM
-- Server version: 10.1.13-MariaDB
-- PHP Version: 5.6.23

SET SQL_MODE = "NO_AUTO_VALUE_ON_ZERO";
SET time_zone = "+00:00";


/*!40101 SET @OLD_CHARACTER_SET_CLIENT=@@CHARACTER_SET_CLIENT */;
/*!40101 SET @OLD_CHARACTER_SET_RESULTS=@@CHARACTER_SET_RESULTS */;
/*!40101 SET @OLD_COLLATION_CONNECTION=@@COLLATION_CONNECTION */;
/*!40101 SET NAMES utf8mb4 */;

--
-- Database: `sigap`
--

-- --------------------------------------------------------

--
-- Table structure for table `kategori`
--

CREATE TABLE `kategori` (
  `kd_kategori` char(3) NOT NULL,
  `nm_kategori` varchar(100) NOT NULL
) ENGINE=MyISAM DEFAULT CHARSET=latin1;

--
-- Dumping data for table `kategori`
--

INSERT INTO `kategori` (`kd_kategori`, `nm_kategori`) VALUES
('K01', 'AIR CONDITIONER'),
('K02', 'ELECTRIC'),
('K03', 'KITCHEN'),
('K04', 'CONSTRUCTION'),
('K05', 'Lain-lain'),
('K06', 'MAINTENANCE');

-- --------------------------------------------------------

--
-- Table structure for table `menu`
--

CREATE TABLE `menu` (
  `kd_menu` varchar(10) NOT NULL,
  `nm_menu` varchar(100) NOT NULL,
  `nm_menu2` text NOT NULL,
  `harga` varchar(10) NOT NULL,
  `kd_kategori` varchar(10) NOT NULL
) ENGINE=MyISAM DEFAULT CHARSET=latin1;

--
-- Dumping data for table `menu`
--

INSERT INTO `menu` (`kd_menu`, `nm_menu`, `nm_menu2`, `harga`, `kd_kategori`) VALUES
('20308', 'AC LG 9000 BTU LGS09LT', 'SET', '3300000', 'K01'),
('20307', 'AC LG 18000 BTU LGS18LT', 'SET', '6000000', 'K01'),
('20306', 'AC LG 12000 BTU LGS12LT', 'SET', '4000000', 'K01'),
('20305', 'AC SPLIT GENERAL 24000 BTU AOG24AWN', 'SET', '10000000', 'K01'),
('20304', 'AC SPLIT GENERAL 18000 BTU AOG18ANE', 'SET', '7000000', 'K01'),
('20301', 'AC GENERAL 7000 BTU AOG7ASA', 'SET', '3200000', 'K01'),
('20303', 'AC SPLIT GENERAL 12000 BTU AOG12ANE', 'SET', '5100000', 'K01'),
('20302', 'AC GENERAL 9000 BTU AOG9AJNE', 'SET', '3400000', 'K01'),
('20214', 'Fuel pump annually', 'EACH', '40226.67', 'K01'),
('20213', 'Water pump annually', 'EACH', '40226.67', 'K01'),
('20210', 'AC Annually', 'EACH', '40226.67', 'K01'),
('20211', 'Electrical appliance annually', 'EACH', '40226.67', 'K01'),
('20212', 'Extention cable', 'EACH', '40226.67', 'K01'),
('20209', 'Socket outlet annually', 'EACH', '40226.67', 'K01'),
('20208', 'Grounding  building', 'EACH', '605800', 'K01'),
('20207', 'Grounding panel', 'EACH', '605800', 'K01'),
('20205', 'AC wall mounted cap 5000 Btu/2 PK', 'EACH', '610600', 'K01'),
('20206', 'Electrical panel building', 'EACH', '605800', 'K01'),
('20204', 'AC wall mounted cap 18000 Btu/2 PK', 'EACH', '610600', 'K01'),
('20203', 'AC wall mounted cap 12000 Btu/1 1/2 PK', 'EACH', '610600', 'K01'),
('20202', 'AC wall mounted cap 9000 Btu/1PK', 'EACH', '610600', 'K01'),
('20201', 'AC wall mounted cap 7000 Btu/0.75PK', 'EACH', '610600', 'K01'),
('20101', 'FMF', 'MOTH', '264977500', 'K01'),
('20309', 'AC SPLIT LG 7000 BTU LGS07LT', 'SET', '3000000', 'K01'),
('20310', 'AC PANASONIC 12000 BTU CUPC12PKJ', 'SET', '6995000', 'K01'),
('20311', 'AC PANASONIC 18000 BTU CUPC18PKJ', 'SET', '8475000', 'K01'),
('20312', 'AC PANASONIC 7000 BTU CUPC07PKJ', 'SET', '4100000', 'K01'),
('20313', 'AC PANASONIC 9000 BTU CUPC09PKJ', 'SET', '4570000', 'K01'),
('20314', 'AIR COND  24.000 BTU/H TYPE PC24NKP', 'UNIT', '11300000', 'K01'),
('20315', 'MOTOR FAN OUTDOOR AC CTRL 38AE0000349110', 'SET', '4560000', 'K01'),
('20316', 'PENTIL AC AC SPLIT', 'EACH', '9750', 'K01'),
('20317', 'ISOLATION ARMAFLEX 40MMX500CM/1 ROLL', 'EACH', '50400', 'K01'),
('20318', 'ARMAFLEX 1/4 inch ID*3/4 inch WALL', 'EACH', '16500', 'K01'),
('20319', 'ARMAFLEX 3/8 inch ID*3/4 inch WALL', 'EACH', '17500', 'K01'),
('20320', 'ARMAFLEX 1/2inch THERMAL INSULATION', 'MT', '24500', 'K01'),
('20321', 'ARMAFLEX 3/8 THERMAL INSULATION', 'MT', '39500', 'K01'),
('20322', 'ARMAFLEX 5/8 THERMAL INSULATION', 'MT', '45500', 'K01'),
('20323', 'ARMAFLEX 7/8 THERMAL INSULATION', 'MT', '63500', 'K01'),
('20324', 'BALAST ELECTR 1 X 36 WATT EBC136TLD220EP', 'EACH', '50000', 'K01'),
('20325', 'BALAST ELECTR 2 X 36 WATT EBC236TLD220EP', 'EACH', '82575', 'K01'),
('20326', 'BALAST LAMP 18/20 WATT BTA18W230V CDI', 'EACH', '39000', 'K01'),
('20327', 'BALAST LAMP 36/40 WATT BTA36W230V CDI', 'EACH', '54000', 'K01'),
('20328', 'BALLAST HPIT 250 WATT BHL E 250 L200TS', 'EACH', '375000', 'K02'),
('20329', 'BALLAST HPIT 400 WATT BHL E 400 L200TS', 'EACH', '400000', 'K01'),
('20330', 'BUS BAR 3 PHASE 63 A/380 VOLT COPPER BAR', 'LGTH', '650500', 'K01'),
('20331', 'BUS BAR 5x50x300 MM', 'EACH', '125000', 'K01'),
('20332', 'BATTERAY 9 V HI-TOP BATTERAY', 'EACH', '25000', 'K01'),
('20333', 'BATTERAY AAA ALKALINE BATTERAY', 'EACH', '7525', 'K01'),
('20334', 'BATTERAY 12 VOLT 7.2 AH', 'EACH', '1000', 'K01'),
('20335', 'BEARING TYPE 6201 BEARING AC', 'EACH', '24700', 'K01'),
('20336', 'BEARING TYPE 6203 BEARING AC', 'EACH', '26700', 'K01'),
('20337', 'BEARING TYPE 6205 BEARING AC', 'EACH', '38700', 'K01'),
('20338', 'BEARING TYPE 6206 BEARING AC', 'EACH', '55700', 'K01'),
('20339', 'BEARING TYPE 6207 BEARING AC', 'EACH', '67700', 'K01'),
('20340', 'BEARING 6309 MESIN CUCI BEARING', 'EACH', '117700', 'K01'),
('20341', 'BEARING 6311 MESIN CUCI BEARING', 'EACH', '308700', 'K01'),
('20342', 'BEARING FYH P208 FAN - BLOWER AC SENTRAL', 'EACH', '200000', 'K01'),
('20343', 'BEARING PA.205 BEARING FAN', 'EACH', '188700', 'K01'),
('20344', 'BEARING Z608 BEARING AC', 'EACH', '35000', 'K01'),
('20345', 'BEARING 6202 BEARING AC', 'EACH', '43700', 'K01'),
('20346', 'ELECTRIC BELL 220 VOLT BELL', 'EACH', '387000', 'K01'),
('20347', 'RING PISTON TYPE V', 'EACH', '175000', 'K01'),
('20348', 'RING PISTON TYPE IV', 'EACH', '175000', 'K01'),
('20349', 'RING PISTON TYPE III', 'EACH', '225000', 'K01'),
('20350', 'SHAFT SEAL COMPRESSOR TYPE V', 'SET', '1750000', 'K01'),
('20351', 'SHAFT SEAL COMPRESSOR TYPE IV', 'SET', '1247500', 'K01'),
('20352', 'SHAFT SEAL COMPRESSOR TYPE III', 'SET', '980000', 'K01'),
('20353', 'STANG PISTON PISTON TYPE V', 'SET', '2250000', 'K01'),
('20354', 'STANG PISTON PISTON TYPE IV', 'SET', '1750000', 'K01'),
('20355', 'STANG PISTON PISTON TYPE III', 'SET', '2050000', 'K01'),
('20356', 'COMPRESSOR BITZER TYPE IV/NEW', 'EACH', '15746075', 'K01'),
('20357', 'PC BOARD MESIN CUCI 1280F PCB CONTROL', 'SET', '912500', 'K01'),
('20358', 'PC BOARD AC 12000 BTU GENERAL', 'SET', '820000', 'K01'),
('20359', 'PC BOARD AC 18000 BTU GENERAL', 'SET', '1250000', 'K01'),
('20360', 'PC BOARD AC 24000 BTU GENERAL', 'SET', '1155000', 'K01'),
('20361', 'PC BOARD AC 7000 BTU GENERAL PCB CONTROL', 'SET', '650000', 'K01'),
('20362', 'PC BOARD AC 9000 BTU GENERAL PCB CONTROL', 'SET', '750000', 'K01'),
('20363', 'DISTRIBUTION BOARD 12 POLE', 'BOX', '440150', 'K01'),
('20364', 'DISTRIBUTION BOARD 24 POLE', 'BOX', '680150', 'K01'),
('20365', 'DISTRIBUTION BOARD 36 POLE', 'BOX', '890150', 'K01'),
('20366', 'DISTRIBUTION BOARD 9 POLE', 'BOX', '240150', 'K01'),
('20367', 'PC BOARD AC 24000 BTU LG PCB CONTROL', 'SET', '1535000', 'K01'),
('20368', 'PC BOARD AC 12000 BTU LG PCB CONTROL', 'SET', '820000', 'K01'),
('20369', 'PC BOARD AC 18000 BTU LG PCB CONTROL', 'SET', '1250000', 'K01'),
('20370', 'PC BOARD AC 7000 BTU LG PCB CONTROL', 'SET', '750000', 'K01'),
('20371', 'PC BOARD AC 9000 BTU LG PCB CONTROL', 'SET', '880000', 'K01'),
('20372', 'PC BOARD AC 18000 BTU PANASONIC', 'SET', '1500000', 'K01'),
('20373', 'PCB BOARD KULKAS 1/3 PK PCB CONTROL', 'EACH', '860000', 'K01'),
('20374', 'PCB BOARD AC MULTI BOARD CONTROL', 'EACH', '750000', 'K01'),
('20375', 'BOLT NUT 3X50 MM COMPLETE FASTENING', 'EACH', '4900', 'K01'),
('20376', 'BOLT NUT 6 MM COMPLETE FASTENING', 'EACH', '2450', 'K01'),
('20377', 'BOLT NUT M8 COMPLETE FASTENING', 'EACH', '3250', 'K01'),
('20378', 'DYNA BOLT 10X6 MM2 ANCHORING', 'EACH', '10000', 'K01'),
('20379', 'ADAPTABLE BOX TYPE 265/1 TYPE 265/1', 'EACH', '18000', 'K01'),
('20380', 'ADAPTABLE BOX TYPE 265/3 TYPE 265/3', 'EACH', '25000', 'K01'),
('20381', 'BLANKING PLATE 1 GANG 1 GANG', 'EACH', '20500', 'K01'),
('20382', 'FIBOX 170*140*90 GREY ABS H95G', 'EACH', '250000', 'K01'),
('20383', 'FIBOX SOLID 280x190x130 TRANSPARANT', 'EACH', '350000', 'K01'),
('20384', 'METAL BOX 808 MB10X10', 'EACH', '14800', 'K01'),
('20385', 'PI BOX IP 55 20*20 CM IP 55 20x20 CM', 'EACH', '90000', 'K01'),
('20386', 'BREAKER 63 A 1 PHASE TYPE NC 45A BREAKER', 'EACH', '210000', 'K01'),
('20387', 'CB 3 PHASE 20 AMP NC 45 N', 'EACH', '625000', 'K01'),
('20388', 'CB 32 AMP 1 PHASE NC 45 a', 'EACH', '64000', 'K01'),
('20389', 'CB 40 A 3 PHASE NC 45 N / 40 A / 3 PHASE', 'EACH', '685000', 'K01'),
('20390', 'CB 65 AMP NC 45 N / 65 A', 'EACH', '210000', 'K01'),
('20391', 'CB MG 1 POLE 10 A  1 PH NC 45 a', 'EACH', '70000', 'K01'),
('20392', 'CB MG 1 POLE 16 A  1 PH NC 45 a', 'EACH', '70000', 'K01'),
('20393', 'CB MG 1 POLE 20 A  1 PH NC 45 a', 'EACH', '70000', 'K01'),
('20394', 'CB MG 1 POLE 25 A 1 PH NC 45 a', 'EACH', '70000', 'K01'),
('20395', 'CB MG POLE 6 A 1 PH NC 45 a', 'EACH', '70000', 'K01'),
('20396', 'MCB 3 PHASE 25 A NC45A/25A/3PHASE', 'EACH', '330000', 'K01'),
('20397', 'MCB 3 PHASE 32 A NC45 A NC45A/32A/3PHASE', 'EACH', '370000', 'K01'),
('20398', 'MCB 3 POLE 50 AMPERE NC45A/50A/3PHASE', 'EACH', '650000', 'K01'),
('20399', 'MCCB 100 A 3 PHASE TYPE NS 100', 'EACH', '1875000', 'K01'),
('20401', 'MCCB 50 A 3 PHASE TYPE NS 50', 'EACH', '1225000', 'K01'),
('20402', 'MCCB 63 A 3 PHASE TYPE NS 62', 'EACH', '1575000', 'K01'),
('20403', 'MCCB 80 A 3 PHASE TYPE NS 80', 'EACH', '1675000', 'K01'),
('20404', 'CARBON BRUSH HAND GRINDER BOSCH', 'EACH', '72225', 'K01'),
('20405', 'BULB LAMP 100 WATT/220 VOLT INCANDESCENT', 'EACH', '15000', 'K01'),
('20406', 'BULB LAMP 25 WATT/220 VOLT INCANDESCENT', 'EACH', '15000', 'K01'),
('20407', 'BULB LAMP PHILLIPS 80WATT/220VOLT INCAND', 'EACH', '15000', 'K01'),
('20408', 'LAMP BULB 60 WATT 60W/220VSOFTONE', 'EACH', '15000', 'K01'),
('20409', 'CABLE HT 4 MM DIAMETER 4MM', 'MT', '5000', 'K01'),
('20410', 'CABEL DATA 8 CORE/24V', 'MT', '15000', 'K01'),
('20411', 'CABLE 3 CORE +N+E*6MM2 NYY STRAIND 5x6MM', 'MT', '65000', 'K01'),
('20412', 'CABLE BC 50 ALUMINIUM DIA 50 MM COPPER', 'MT', '38500', 'K01'),
('20413', 'CABLE DC 6 MM DIAMETER 6 MM COPPER', 'MT', '7000', 'K01'),
('20414', 'CABLE GROUNDING 10 MM DIA 10 MM COPPER', 'MT', '15000', 'K01'),
('20415', 'CABLE NYMHY 3 X 0,75 MM2', 'MT', '6500', 'K01'),
('20416', 'CABLE NYY 2 C+E NYY STRAINDED 3x1.5 MM2', 'MT', '16800', 'K01'),
('20417', 'CABLE NYY 2 C+E NYY STRAINDED 3x2.5 MM2', 'MT', '21100', 'K01'),
('20418', 'CABLE NYY 2 C+E NYY STRAINDED 3x4 MM2', 'MT', '33000', 'K01'),
('20419', 'CABLE NYY 4 C+E NYY STRAINDED 3x10 MM2', 'MT', '71000', 'K01'),
('20420', 'CABLE NYY 5X10 MM NYY STRAINDED 5x10 MM2', 'MT', '101700', 'K01'),
('20421', 'CABLE NYY 5X4 MM NYY STRAINDED 5x4 MM2', 'MT', '62000', 'K01'),
('20422', 'CABLE NYY 5X6 MM NYY STRAINDED 5x6 MM2', 'MT', '63000', 'K01'),
('20423', 'CABLE NYYHY 2 C+E NYY 3x1.5 MM2 ORANGE', 'MT', '10000', 'K01'),
('20424', 'CABLE LUG 1,5 MM2 UKURAN 1,5 MM', 'EACH', '2000', 'K01'),
('20425', 'CABLE LUG 2,5 MM2 UKURAN 2,5 MM', 'EACH', '2500', 'K01'),
('20426', 'CABLE LUG RING 10MM2 UKURAN 10 MM', 'EACH', '3000', 'K01'),
('20427', 'CABLE SETRIKA 3 X 0,75 MM2 / SYK 318', 'MT', '31500', 'K01'),
('20428', 'COOPER BC CABLE 1*50MM2 GROUNDING CABLE', 'MT', '58500', 'K01'),
('20429', 'NYAF CABLE 1 COREX1.5 MM2', 'MT', '4200', 'K01'),
('20430', 'CABLE YELLOW GREEN NYA 1X16MM GROUNDING', 'MT', '18000', 'K01'),
('20431', 'CABLE GROUNDING 10 MM NYAF CABLE', 'MT', '15000', 'K01'),
('20432', 'CABLE GROUNDING 16 MM NYAF CABLE', 'MT', '25000', 'K01'),
('20433', 'CABLE GROUNDING 25 MM NYAF CABLE', 'MT', '35000', 'K01'),
('20434', 'CABLE GROUNDING 35 MM NYAF CABLE', 'MT', '50000', 'K01'),
('20435', 'CABLE GROUNDING 50 MM NYAF CABLE', 'MT', '52000', 'K01'),
('20436', 'CABLE GROUNDING 70 MM NYAF CABLE', 'MT', '70000', 'K01'),
('20437', 'CABLE GROUNDING 95 MM NYAF CABLE', 'MT', '99000', 'K01'),
('20438', 'CABLE NYY 4X120 MM NYY 4X120 MM', 'MT', '330000', 'K01'),
('20439', 'CABLE NYY 4X150 MM NYY 4X150 MM', 'MT', '340000', 'K01'),
('20440', 'CABLE NYY 4X10 MM NYY 4X10 MM', 'MT', '60000', 'K01'),
('20441', 'CABLE NYY 4X16 MM NYY 4X16 MM', 'MT', '110000', 'K01'),
('20442', 'CABLE NYY 4X185 MM NYY 4X185 MM', 'MT', '350000', 'K01'),
('20443', 'CABLE NYY 4X240 MM NYY 4X240 MM', 'MT', '370000', 'K01'),
('20444', 'CABLE NYY 4X25 MM NYY 4X25 MM', 'MT', '103000', 'K01'),
('20445', 'CABLE NYY 4X35 MM NYY 4X35 MM', 'MT', '120000', 'K01'),
('20446', 'CABLE NYY 4X4 MM NYY 4X4 MM', 'MT', '50000', 'K01'),
('20447', 'CABLE NYY 4X50 MM NYY 4X50 MM', 'MT', '150000', 'K01'),
('20448', 'CABLE NYY 4X6 MM NYY 4X6 MM', 'MT', '55000', 'K01'),
('20449', 'CABLE NYY 4X70 MM NYY 4X70 MM', 'MT', '170000', 'K01'),
('20450', 'CABLE NYY 4X95 MM NYY 4X95 MM', 'MT', '180000', 'K01'),
('20451', 'CANEBO KAIN LAP', 'EACH', '16000', 'K01'),
('20452', 'ELCO 220 5F/35 VLT 220 5F/350 VLT', 'EACH', '136000', 'K01'),
('20453', 'ELCO 220 5F/400 VLT 220 5F/400 VLT', 'EACH', '243800', 'K01'),
('20454', 'CAPASITOR MESIN CUCI 50 A 220V', 'EACH', '200000', 'K01'),
('20455', 'CAPASITOR MESIN CUCI 50 MF A 220V', 'EACH', '180000', 'K01'),
('20456', 'CAPASITOR RUNNING VAC AC 25 5F/220 VOLT', 'EACH', '140000', 'K01'),
('20457', 'CAPASITOR RUNNING AC 50 5F / 220 volt', 'EACH', '80000', 'K01'),
('20458', 'CAPSTR 1,5 5F 250/375 400 V AC / 220VOLT', 'EACH', '36000', 'K01'),
('20459', 'CAPSTR 1,6 5F 400 VAC 400 V AC /220 VOLT', 'EACH', '36000', 'K01'),
('20460', 'CAPASITOR 110 VOLT 161-141 5f / 110 VOLT', 'EACH', '150000', 'K01'),
('20461', 'CAPSTR 2,5 5F 250/375 400 V AC /220 VOLT', 'EACH', '37500', 'K01'),
('20462', 'CAPASITOR 30 5F / 375 400 V / 220 VOLT', 'EACH', '70000', 'K01'),
('20463', 'CAPSTR 4,5 5F 250/375 400 V AC /220 VOLT', 'EACH', '36000', 'K01'),
('20464', 'CAPASITOR 46 5F 5% 400 V AC / 220 VOLT', 'EACH', '100000', 'K01'),
('20465', 'CAPSTR 50 - 2505F 250/375/400VAC/220VOLT', 'EACH', '220000', 'K01'),
('20466', 'CAPSTR 6 - 465F 250 375/400VAC/220VOLT', 'EACH', '118000', 'K01'),
('20467', 'CAPASITOR 65 5F 65 5f / 250 V', 'EACH', '125000', 'K01'),
('20468', 'CAPSTR AC SPLIT 50 5F 350 VOLT/220VOLT', 'EACH', '235500', 'K01'),
('20469', 'CAPSTR 12.55F STABILIZER 1.000 VOLT', 'EACH', '675000', 'K01'),
('20470', 'CARBON BRUSH HAND GRINDER BOSCH', 'EACH', '75500', 'K01'),
('20471', 'CEMENT CEMENT', 'KG', '30000', 'K01'),
('20472', 'AC RENTAL 3 PK TYPE FLOOR STANDING', 'EACH', '1000000', 'K01'),
('20473', 'AC RENTAL 3 PK TYPE FLOOR STANDING', 'EACH', '300000', 'K01'),
('20474', 'FILTER AC CENTRAL AHU TYPE 64X122.5 CM', 'EACH', '400000', 'K01'),
('20475', 'CLAMP CABLE DIAMETER 12 MM CLAMP', 'EACH', '6000', 'K01'),
('20476', 'CLAMP FLEKXIBLE 26/20 MM CLAMP', 'EACH', '1500', 'K01'),
('20477', 'CLAMP FLEKXIBLE 26/25 MM CLAMP', 'EACH', '1800', 'K01'),
('20478', 'CLAMP PIPA 20MM CLAMP', 'EACH', '800', 'K01'),
('20479', 'CLAMP PIPA 25MM CLAMP', 'EACH', '1100', 'K01'),
('20480', 'SADLE CLAMP 20MM2 E261/20 CLIPSAL', 'EACH', '2000', 'K01'),
('20481', 'SADLE CLAMP 32 MM E261/32 CLIPSAL', 'EACH', '2200', 'K01'),
('20482', 'CLAMP HOSE 3inch CLAMP', 'EACH', '4000', 'K01'),
('20483', 'CLAMP SLING DIAMETER 25MM CLAMP', 'EACH', '26500', 'K01'),
('20484', 'ROUND CABLE CLIP NO 12 CLAMP12', 'BOX', '14000', 'K01'),
('20485', 'ROUND CABLE CLIP NO 14 CLAMP14', 'BOX', '24500', 'K01'),
('20486', 'ROUND CABLE CLIP NO 17 CLAMP17', 'BOX', '32000', 'K01'),
('20487', 'CONTAK CLEANER TIN', 'EACH', '240500', 'K01'),
('20488', 'CONTAK CLEANER (CRC) TIN', 'EACH', '385000', 'K01'),
('20489', 'KAIN MAJUN LINEN', 'EACH', '5000', 'K01'),
('20490', 'COMPRESSOR BITZER TYPE 4 COMPRESSOR', 'UNIT', '6000000', 'K01'),
('20491', 'COMPRESSOR ELKAY ER 10-2B COMPRESSOR', 'EACH', '5115000', 'K01'),
('20492', 'COMPRESSOR AC 7000 BTU/H COMPRESSOR AC', 'UNIT', '1725000', 'K01'),
('20493', 'COMPRESSOR AC 9000 BTU/H COMPRESSOR AC', 'UNIT', '2050000', 'K01'),
('20494', 'COMPRESSOR AC 18000 BTU/H COMPRESSOR AC', 'EACH', '2200000', 'K01'),
('20495', 'COMPRESSOR AC 18000 BTU/H TYPE 5532AW', 'EACH', '2200000', 'K01'),
('20496', 'COMPRESSOR AC 24000 BTU/H COMPRESSOR AC', 'EACH', '2600000', 'K01'),
('20497', 'COMPRESSOR AC 24000 BTU/H TYPE 5532AW', 'EACH', '2600000', 'K01'),
('20498', 'OMPRESSOR 9000 BTU/H CR 90H5R', 'EACH', '1800000', 'K01'),
('20499', 'COMPRESSOR AC 12000 BTU/H COMPRESSOR AC', 'EACH', '2350000', 'K01'),
('20501', 'COMPRESSOR AC 18000 BTU/H COMPRESSOR AC', 'EACH', '2200000', 'K01'),
('20502', 'COMPRESSOR AC 7000 BTU/H COMPRESSOR AC', 'EACH', '1700000', 'K01'),
('20503', 'COMPRESSOR AC 9000 BTU/H COMPRESSOR AC', 'EACH', '1980000', 'K01'),
('20504', 'COMPRESSOR AC 7000 BTU/H COMPRESSOR AC', 'EACH', '1500000', 'K01'),
('20505', 'COMPRESSOR AC 9000 BTU/H COMPRESSOR AC', 'EACH', '1900000', 'K01'),
('20506', 'COMPRESSOR AC 1 1/2 PK COMPRESSOR', 'EACH', '1200000', 'K01'),
('20507', 'COMPRESSOR CHILLER RF 8090 COMPRESSOR', 'EACH', '6800000', 'K01'),
('20508', 'COMPRESSOR CHILLER TYPE AJ 13 IJT193-194', 'EACH', '6800000', 'K01'),
('20509', 'COMPRESSOR CHILLER TYPE AJ5518 E 1 PHASE', 'EACH', '6500000', 'K01'),
('20510', 'COMPRESSOR CHILLER FREEZER 18000 BTU/H', 'UNIT', '5700000', 'K01'),
('20511', 'COMPRESSOR FREEZER BOX 1/3 PK COMPRESSOR', 'EACH', '1500000', 'K01'),
('20512', 'COMPRESSOR FREEZER COMPRESSOR', 'EACH', '1750000', 'K01'),
('20513', 'COMPRESSOR TYPE CAH 4518A COMPRESSOR', 'EACH', '4625000', 'K01'),
('20514', 'COMPRESSOR TYPE RLF COMPRESSOR', 'EACH', '400000', 'K01'),
('20515', 'COMPRESSOR SO75LKAA COMPRESSOR', 'UNIT', '1500000', 'K01'),
('20516', 'COMPRESSOR AC CENTRAL TYPE 06DA537/NEW', 'UNIT', '21700000', 'K01'),
('20517', 'COMPRESSOR AC CENTRAL TYPE 06DA537/BEKAS', 'UNIT', '14750000', 'K01'),
('20518', 'COMPRESSOR BITZER TYPE V/NEW', 'EACH', '15600000', 'K01'),
('20519', 'MOUNTING RUBBER COMPRESSOR MOUNTING', 'EACH', '15000', 'K01'),
('20520', 'COMPRESSOR TECUMSEH TFH4531F  R22 LRA30', 'EACH', '9000000', 'K01'),
('20521', 'COMPRESSR TECUM TAG 2522Z R404a LRA58.3', 'EACH', '12000000', 'K01'),
('20522', 'ELCB 40 A 3 PHASE 0.3 mA / 32 A', 'EACH', '900000', 'K01'),
('20523', 'AC CONCRETE CEMENT + PASIR + BATA', 'M2', '150000', 'K01'),
('20524', 'CONDUIT FLEXIBLE 20MM2 INSTALLATION', 'MT', '6700', 'K01'),
('20525', 'CONDUIT FLEXIBLE 25MM2 INSTALLATION', 'MT', '10500', 'K01'),
('20526', 'CONDUIT FLEXIBLE 32MM2 INSTALLATION', 'MT', '18000', 'K01'),
('20527', 'PIPA CONDUIT 25 MM DIAMETER 25MM', 'MT', '22000', 'K01'),
('20528', 'PIPA COUNDUIT 20 MM DIAMETER 20MM', 'EACH', '15000', 'K01'),
('20529', 'PVC PIPE 20 MM2 PVC20MM', 'LGTH', '16000', 'K01'),
('20530', 'PVC PIPE 25 MM2 PVC25MM', 'LGTH', '20000', 'K01'),
('20531', 'STRAIGHT CONDUIT GLAND 20MM', 'EACH', '20000', 'K01'),
('20532', 'SOCKET 20MM TO SCREW SOCKDRAT LUAR 20MM', 'EACH', '10000', 'K01'),
('20533', 'SOCKET DRAT 32 MM SOCKDRAT LUAR 32MM', 'EACH', '10000', 'K01'),
('20534', 'SOCKET DRAT LUAR DALAM 25 MM', 'EACH', '10000', 'K01'),
('20535', 'SOCKET PIPA 25 MM 25MM', 'EACH', '10000', 'K01'),
('20536', 'JOINT SLEVE CABLE 2.5MM2/220V CONNECTOR', 'EACH', '2000', 'K01'),
('20537', 'CONNECTOR 3/8inchBRASS CONNECTOR', 'EACH', '15000', 'K01'),
('20538', 'CONNECTOR 5/8inch BRASS CONNECTOR', 'EACH', '24000', 'K01'),
('20539', 'CONNECTOR TEMBAGA 1/2inch CONNECTOR', 'EACH', '21000', 'K01'),
('20540', 'CONNECTOR TUBING 1/2inch CONNECTOR', 'EACH', '21000', 'K01'),
('20541', 'CONNECTOR TUBING 1/4inch CONNECTOR', 'EACH', '8200', 'K01'),
('20542', 'CONNECTOR TUBING 3/8inch CONNECTOR', 'EACH', '16000', 'K01'),
('20543', 'CONNECTOR TUBING 5/8inch CONNECTOR', 'EACH', '24000', 'K01'),
('20544', 'DOUBLE CONECTOR 3/8inch CONNECTOR', 'EACH', '31500', 'K01'),
('20545', 'DOUBLE CONECTOR 5/8inch CONNECTOR', 'EACH', '46500', 'K01'),
('20546', 'DOUBLE NEPEL 1/2inch CONNECTOR', 'EACH', '26000', 'K01'),
('20547', 'DOUBLE NEPEL 1/4inch CONNECTOR', 'EACH', '11000', 'K01'),
('20548', 'CONNECTOR FLEXIBLE 32 MM CONNECTOR', 'EACH', '11000', 'K01'),
('20549', 'PIN LUG 1.5MM', 'EACH', '2000', 'K01'),
('20550', 'CLAMP GROUNDING 16 MM CONNECTOR', 'EACH', '110000', 'K01'),
('20551', 'CLAMP GROUNDING STAINLESSSTEEL CONNECTOR', 'EACH', '198000', 'K01'),
('20552', 'CONNECTOR PVC 3/4inch CONNECTOR', 'EACH', '3000', 'K01'),
('20553', 'FLARE NUT 1/2inch CONNECTOR', 'EACH', '12000', 'K01'),
('20554', 'FLARE NUT 1/3inch CONNECTOR', 'EACH', '10000', 'K01'),
('20555', 'FLARE NUT 1/4inch CONNECTOR', 'EACH', '10000', 'K01'),
('20556', 'FLARE NUT 3/8inch CONNECTOR', 'EACH', '10000', 'K01'),
('20557', 'CONNECTOR VALVE 1/2 inch CONNECTOR', 'EACH', '38000', 'K01'),
('20558', 'SOCKET PIPA 20 MM 20MM', 'EACH', '8000', 'K01'),
('20559', 'SOCKET PVC 32 MM 32MM', 'EACH', '10000', 'K01'),
('20560', 'CONTACTOR 4 KW / 220 MAGNETIC CONTACTOR', 'EACH', '600000', 'K01'),
('20561', 'CONTACTOR 9A 24 VOLT 1 NC+1NO MAGNETIC', 'EACH', '700000', 'K01'),
('20562', 'CONTACTOR LC D120 MAGNETIC CONTACTOR', 'EACH', '2850000', 'K01'),
('20563', 'CONTACTOR LCI D09 M7 220 VAC 25 A MAGNET', 'EACH', '300000', 'K01'),
('20564', 'CONTACTOR TELEMANIQUI 25 AMP/380/3 PHASE', 'EACH', '641000', 'K01'),
('20565', 'CONTACTOR 3 PHASE 15 HP KB5034', 'EACH', '2000000', 'K01'),
('20566', 'COMPRESSOR CONTACTOR CU0172C', 'EACH', '895000', 'K01'),
('20567', 'CUP PVC 4inchX50CM PVC', 'EACH', '33000', 'K01'),
('20568', 'ELCB 63 A 3 PHASE 1.300 MA', 'EACH', '1385000', 'K01'),
('20569', 'GERGAJI BESI 25CMX10CM CUTTER', 'EACH', '20000', 'K01'),
('20570', 'BUBUT SAP CORE CUTTER CORE CUTTER', 'EACH', '50000', 'K01'),
('20571', 'SMOKE DETECTOR TYPE 9 VOLT', 'EACH', '600000', 'K01'),
('20572', 'AIR DEFFUSER NECK 20X20CM 20X20CM', 'EACH', '150000', 'K01'),
('20573', 'AIR DEFFUSER NECK 25X25CM 25X25CM', 'EACH', '200000', 'K01'),
('20574', 'DISPENSER UCHIDA NORMAL/HOT 220', 'EACH', '615000', 'K01'),
('20575', 'DISPENSER RUBBER HOSE 1/4 DISPENSER', 'MT', '25000', 'K01'),
('20576', 'DISPENSER RUBBER HOSE 3/8 DISPENSER', 'MT', '30000', 'K01'),
('20577', 'HAND DRAYER 1200W/220V/50Hz', 'UNIT', '2500000', 'K01'),
('20578', 'FILTER DRIER 5/8 FLARE DRIER 5/8inch', 'EACH', '180000', 'K01'),
('20579', 'FILTER DRIER 7/8 SOLDER DRIER 7/8inch', 'EACH', '250000', 'K01'),
('20580', 'MATA BOR 3 MM 3 MM', 'EACH', '5000', 'K01'),
('20581', 'MATA BOR 4inch 4 MM', 'EACH', '8000', 'K01'),
('20582', 'MATA BOR BESI 16 MM 16 MM', 'EACH', '18000', 'K01'),
('20583', 'MATA BOR BESI 4 MM 4 MM', 'EACH', '11000', 'K01'),
('20584', 'MATA BOR 10 MM MATA BOR 10 MM', 'EACH', '22000', 'K01'),
('20585', 'MATA BOR 12 MM MATA BOR 12 MM', 'EACH', '27000', 'K01'),
('20586', 'MATA BOR 6MM MATA BOR 6MM', 'EACH', '15000', 'K01'),
('20587', 'MATA BOR 8 MM MATA BOR 8 MM', 'EACH', '20000', 'K01'),
('20588', 'LOCK FOAM BJLS 0.60 MM 120CMX0.60MM', 'MT', '30000', 'K01'),
('20589', 'PVC DUCTING SISIR 30X30 PVC30X30', 'LGTH', '198500', 'K01'),
('20590', 'PVC MINI DUCTING TRUCKINGS 16*25 MM', 'LGTH', '15000', 'K01'),
('20591', 'CABLE DUCT  PVC 50X60', 'MT', '150000', 'K01'),
('20592', 'CABLE DUCT  PVC 100x100', 'MT', '190000', 'K01'),
('20593', 'PVC DUCTING AC 10X10X170', 'EACH', '250000', 'K01'),
('20594', 'FLEXIBLE DUCT 10 INCH TYPE 10 INCH', 'MT', '150000', 'K01'),
('20595', 'FLEXIBLE ALUM DUCT 8inch T10A / 24KGX25MM', 'ROLL', '170000', 'K01'),
('20596', 'CHEMICAL PEMBERSIH EVAPORATOR', 'LT', '50000', 'K01'),
('20597', 'CLEANSING R11 CLEANING', 'LT', '60000', 'K01'),
('20598', 'ELBOW 20MM2 CONDUIT JUNCTION', 'EACH', '10000', 'K01'),
('20599', 'ELBOW 32 MM2 CONDUIT JUNCTION', 'EACH', '12000', 'K01'),
('20601', 'ELBOW COPPER 1 1/8 inch JUNCTION', 'EACH', '250000', 'K01'),
('20602', 'ELCB 25 A 3 PHASE 0.3 mA / 25 A', 'EACH', '600000', 'K01'),
('20603', 'ELCB 25 AMPERE 2 POLE 0.3 mA / 25 A', 'EACH', '600000', 'K01'),
('20604', 'ELCB 63 A 3 PHASE 0.3 mA / 63 A', 'EACH', '1300000', 'K01'),
('20605', 'ELEMENT DEEP FRYER 5.4 K.W 380 VOLT 3 PH', 'EACH', '6000000', 'K01'),
('20606', 'FAN MOTOR RADLON 31038 65W/220V', 'EACH', '800000', 'K01'),
('20607', 'WALL FAN FEU 309 DIAMETER 12inch / 220VOLT', 'SET', '900000', 'K01'),
('20608', 'CEILING FAN 48inch CF 240 / 24 inch', 'SET', '600000', 'K01'),
('20609', 'SPEED REGULATOR FAN FEY -149/153', 'EACH', '300000', 'K01'),
('20610', 'FAN OUTDOOR SP-35 SP35W/220 V', 'EACH', '900000', 'K01'),
('20611', 'FAN EVAPORATOR 7000 BTU/220 V/35 W', 'EACH', '885000', 'K01'),
('20612', 'WALL FAN MASPION DIAMETER 12inch / 220VOLT', 'UNIT', '1000000', 'K01'),
('20613', 'EXHAUST FAN FV-25-TGU-2/220 V FAN', 'UNIT', '500000', 'K01'),
('20614', 'EXHAUST FAN FV-30 RUN 1/220 V FAN', 'UNIT', '500000', 'K01'),
('20615', 'CEILING FAN NASIONAL 56inch CF 240 / 56 inch', 'SET', '1085500', 'K01'),
('20616', 'CEILING FAN NASIONAL 40inch CF 240 / 40 inch', 'SET', '1000000', 'K01'),
('20617', 'EXHAUST FAN PANASONIC 40X40 CM FAN', 'UNIT', '700000', 'K01'),
('20618', 'EXHAUST FAN PANASONIC 40X40 CM FAN', 'SET', '450000', 'K01'),
('20619', 'FAN CONDENSOR 12000 BTU/220 V/35W', 'EACH', '2085000', 'K01'),
('20620', 'FAN CONDENSOR 18000 BTU/220/65W', 'EACH', '2750000', 'K01'),
('20621', 'FAN CONDENSOR 7000 BTU/220 V/35W', 'EACH', '775000', 'K01'),
('20622', 'FAN CONDENSOR 9000 BTU/220 V/35W', 'EACH', '885000', 'K01'),
('20623', 'FAN CONDENSOR 220VOLT/25 WATT', 'EACH', '500000', 'K01'),
('20624', 'FAN EVAPORATOR 24000 BTU/220 V/85 W', 'EACH', '2750000', 'K01'),
('20625', 'BALING2 FAN KIPAS ANGIN 12 inch FAN', 'EACH', '300000', 'K01'),
('20626', 'ROTARI FAN 16inch DIAMETER 16inch', 'EACH', '700000', 'K01'),
('20627', 'VENTILATION FAN DIAMETER 12inch / 220VOLT', 'EACH', '710000', 'K01'),
('20628', 'WALL FAN 18inch DIAMETER 18inch / 220VOLT', 'UNIT', '850000', 'K01'),
('20629', 'AIR CURTAIN FAN 220V', 'SET', '2000000', 'K01'),
('20630', 'FAN EVAPORATOR 12000 btu/220 Vac', 'EACH', '790000', 'K01'),
('20631', 'FAN EVAPORATOR 9000 btu/220 Vac', 'EACH', '625000', 'K01'),
('20632', 'FAN EVAPORATOR 7000 btu/220 Vac', 'EACH', '500000', 'K01'),
('20633', 'AC MINI FAN MODEL 80X80X25', 'EACH', '425000', 'K01'),
('20634', 'FISCHER S6', 'EACH', '2200', 'K01'),
('20635', 'FILTER AC 30x30CM', 'SET', '175000', 'K01'),
('20636', 'FILTER AK 40x40CM', 'EACH', '175000', 'K01'),
('20637', 'FILTER CAPILER 1/4x0.60MM', 'SET', '40000', 'K01'),
('20638', 'FILTER CAPILER AC 1/4x2x0.70MM', 'EACH', '40000', 'K01'),
('20639', 'FILTER DRAYER FREEZER EK45', 'EACH', '75000', 'K01'),
('20640', 'FILTER DRAYER R12 1/4x2x0.80MM', 'EACH', '75000', 'K01'),
('20641', 'FILTER DRAYER R22 3 HOLE 3/8x3x0.80MM', 'EACH', '65000', 'K01'),
('20642', 'FILTER KULKAS 1/4x0.60x2MM', 'EACH', '40000', 'K01'),
('20643', 'FILTER WATER COOLER 1/4inchX0.70', 'EACH', '40000', 'K01'),
('20644', 'LINE FILTER DRYER 1/2inchSAE LTR0.38/1.5inch', 'EACH', '90000', 'K01'),
('20645', 'LINE FILTER DRYER 1/4 SAE LTR 0.25/1.5inch', 'EACH', '90000', 'K01'),
('20646', 'LINE FILTER DRYER 3/8 SAE LTR 0.37/1.5inch', 'EACH', '90000', 'K01'),
('20647', 'FILTER DRYER EK 164', 'EACH', '317000', 'K01'),
('20648', 'FITTING LAMPU PAR 38 6 A / 80 W / 220 V', 'EACH', '75000', 'K01'),
('20649', 'LAMP HOLDER DHF F-200/200W/250V', 'EACH', '75000', 'K01'),
('20650', 'FIXTURE LAMP 2X36 REFLEXTOR 220 V', 'EACH', '370000', 'K01'),
('20651', 'FITTING LAMP TL 2 A / 220 V', 'SET', '45000', 'K01'),
('20652', 'ALUMUNIUM FOIL DOUBLE SIDE 1.25 HP', 'MT', '10000', 'K01'),
('20653', 'ALUMUNIUM FOIL DUCT TAPE 337', 'MT', '12000', 'K01'),
('20654', 'FUSE LINK 50 AMP 50 AMP / 220 / 1 PHASE', 'EACH', '60000', 'K01'),
('20655', 'FUSE LINK 60 AMP 60 AMP / 380 / 3 PHASE', 'EACH', '60000', 'K01'),
('20656', 'FUSE 13 A 13 A / 220 V / 1 PHASE', 'EACH', '9000', 'K01'),
('20657', 'FUSE 25 AMP BRAND BUSS 380 / 3 PHASE', 'EACH', '70000', 'K01'),
('20658', 'FUSE 50 AMP BRAND BUSS 380 / 3 PHASE', 'EACH', '70000', 'K01'),
('20659', 'FUSE 50 AMPER 50 AMP / 220 / 3 PHASE', 'EACH', '70000', 'K01'),
('20660', 'FUSE HOLDER 50 AMP / 380 / 3 PHASE', 'EACH', '180000', 'K01'),
('20661', 'FREON R 134 & R 12 CHCF2/13KG', 'TUBE', '1200000', 'K01'),
('20662', 'GAS FREON R134A CHCF2/R134A', 'TUBE', '90000', 'K01'),
('20663', 'GAS FREON R22 CHCF2/R22', 'TUBE', '83000', 'K01'),
('20664', 'GAS FREON R404A CHCF2/R404A', 'TUBE', '150000', 'K01'),
('20665', 'ACYTILYNE GAS C2H2', 'TUBE', '415000', 'K01'),
('20666', 'NITROGEN TABUNG', 'TUBE', '125000', 'K01'),
('20667', 'OXYGEN O2', 'TUBE', '1100000', 'K01'),
('20668', 'ACYTILYNE C2H2 GAS C2H2', 'KG', '35000', 'K01'),
('20669', 'NITROGEN N2 N2', 'KG', '30000', 'K01'),
('20670', 'OXYGEN O2 O2', 'KG', '45000', 'K01'),
('20671', 'REFRIGERANT R32', 'TUBE', '160000', 'K01'),
('20672', 'REFRIGERANT R410a', 'TUBE', '160000', 'K01'),
('20673', 'GASKET FIRE FLY 100X100', 'MT', '105000', 'K01'),
('20674', 'GASKET (BODY PACKING) TYPE V', 'SET', '1150000', 'K01'),
('20675', 'GASKET (BODY PACKING) TYPE IV', 'SET', '685000', 'K01'),
('20676', 'GASKET (BODY PACKING) TYPE III', 'SET', '565000', 'K01'),
('20677', 'GLAND CABLE 20MM/220V GLAND', 'EACH', '50000', 'K01'),
('20678', 'GLAND FLEXIBLE 20 MM/220V GLAND', 'EACH', '40000', 'K01'),
('20679', 'GLAND REDUCER 20MM/10MM GLAND', 'EACH', '60000', 'K01'),
('20680', 'POLY GLAND 16 MM 16MM', 'EACH', '17000', 'K01'),
('20681', 'POLY/NYLON GLAND 20MM 20MM', 'EACH', '23000', 'K01'),
('20682', 'POLY/NYLON GLAND 25MM 25MM', 'EACH', '30500', 'K01'),
('20683', 'SIGHT GLASS 1/2inch DIAMETER 1/2inch', 'EACH', '275000', 'K01'),
('20684', 'ALTECO GLUE FAST DRY', 'TUBE', '10000', 'K01'),
('20685', 'DEXTONE GLUE/GLUE STEEL GLUE STEEL', 'EACH', '40500', 'K01'),
('20686', 'LEM BESI LEMBS', 'EACH', '12000', 'K01'),
('20687', 'LEM PIPA LEMPP', 'CAN', '25000', 'K01'),
('20688', 'STICK GROUNDING (BRONZE) 4 M DIA.16 MM2', 'EACH', '1200000', 'K01'),
('20689', 'THREAD ROD 8MM2 DIAMETER 8MM, 1,80 METER', 'LGTH', '240000', 'K01'),
('20690', 'GROUNDING CABLE 10MM2 GREEN YELLOW/NYA', 'MT', '22000', 'K01'),
('20691', 'FLOOD LIGHT HALOGENT FOR 300 WATT', 'SET', '650000', 'K01'),
('20692', 'FLOOD LIGHT HALOGENT FOR 500 WATT', 'EACH', '800000', 'K01'),
('20693', 'LAMP BULD HALOGENT 300 WATT', 'SET', '125000', 'K01'),
('20694', 'LAMP BULD HALOGENT 500 WATT', 'EACH', '155000', 'K01'),
('20695', 'HANDLE PINTU EW.560 F', 'EACH', '275000', 'K01'),
('20696', 'WATER HEATER 135 LITER, 1200 WATT/220V', 'UNIT', '6500000', 'K01'),
('20697', 'WATER HEATER 135 LITER, 1000 WATT/220V', 'UNIT', '4500000', 'K01'),
('20698', 'ELEMENT KOMPOR 8inch /220 V HEATER', 'EACH', '750000', 'K01'),
('20699', 'HEATING ELEMENT 130 DIA. 65/350 WATT', 'EACH', '190000', 'K01'),
('20701', 'ELEMENT RICE COOKER 220 VOLT', 'EACH', '190000', 'K01'),
('20702', 'DEFROST HEATER 500 W/220 VOLT HEATER', 'EACH', '75000', 'K01'),
('20703', 'ELEMEN KOMPOR 6E 6inch 220 V 2500 WATT', 'EACH', '750000', 'K01'),
('20704', 'ELEMENT BAIN MARY 2500W/240 V/B901', 'EACH', '1200000', 'K01'),
('20705', 'ELEMENT COIL STOVE 6inch', 'EACH', '980000', 'K01'),
('20706', 'ELEMENT STOVE HOT PLATE 8 inch', 'EACH', '1600000', 'K01'),
('20707', 'HOT PLATE ELEMENT 6 inch 1500 W 220 V 6inch', 'EACH', '1200000', 'K01'),
('20708', 'HEATER 1200W/220V', 'MT', '910000', 'K01'),
('20709', 'ELEMENT TOASTER 220 V', 'EACH', '300000', 'K01'),
('20710', 'ELEMENT WATER BOILER 240 V/1000 WATT', 'EACH', '1985000', 'K01'),
('20711', 'ELEMENT WATER HEATER RHEEM 25A 240 V', 'EACH', '1985000', 'K01'),
('20712', 'WATER HEAT RHEAM 135 LTR, 1500 WATT/220V', 'UNIT', '9500000', 'K01'),
('20713', 'WATER HEAT RHEAM 300 LTR, 2500 WATT/220V', 'UNIT', '11000000', 'K01'),
('20714', 'ELEMENT 592 RICA 1962306000', 'EACH', '500000', 'K01'),
('20715', 'THERMAL HEATER SR-369RVV', 'EACH', '895800', 'K01'),
('20716', 'ELEMEN TOASTER 220V', 'EACH', '300000', 'K01'),
('20717', 'ELEMENT KOMPOR 10 inch /220 V 220VAC', 'EACH', '1075000', 'K01'),
('20718', 'ELEMENT KOMPOR 6 inch /220 V 220VAC', 'EACH', '800000', 'K01'),
('20719', 'ELEMENT HEATER DEEP FRAYER PD411X', 'EACH', '7815000', 'K01'),
('20720', 'ELEMENT HEATER VAPOUR GRILL PD411W', 'EACH', '7675000', 'K01'),
('20721', 'ELEMENT HEATER 4 HOT TOPS PD2270', 'EACH', '5450000', 'K01'),
('20722', 'UPPER HEATER 2.5 KW/400 VOLT PD2280', 'EACH', '6350000', 'K01'),
('20723', 'LOWER HEATER 1.75 KW/400 VOLT PD2279', 'EACH', '6350000', 'K01'),
('20724', 'FLAT ELEMENT HEATER TILTING PAN PD4113', 'EACH', '860000', 'K01'),
('20725', 'ELEMENT HEATER BOILING PAN PD4119', 'EACH', '7800000', 'K01'),
('20726', 'ELEMENT HEATER GC6159', 'EACH', '1800000', 'K01'),
('20727', 'LOWER HEATING ELEMENT PD2279/1.75 KW', 'EACH', '4900000', 'K01'),
('20728', 'UPPER HEATING ELEMENT PD2280/1.75KW', 'EACH', '4900000', 'K01'),
('20729', 'HEATER F/BOILING PD4119/8321494', 'EACH', '4200000', 'K01'),
('20730', 'FLAT ELEMENT HEATER SET PSEH001D/8323786', 'EACH', '2450000', 'K01'),
('20731', 'ELEMENT RICE CKR 5.4 KW 380 VOLT 3 PHASE', 'EACH', '5800000', 'K01'),
('20732', 'MASTER LAMPU HPIT TYPE 400W/645 E40', 'EACH', '325000', 'K01'),
('20733', 'HOLE SAW 20 MM HOLE MAKER', 'MT', '90000', 'K01'),
('20734', 'HOLE SAW 25 MM HOLE MAKER', 'EACH', '100000', 'K01'),
('20735', 'HOSE 1/2 INCH PLASTIC HOSE', 'MT', '125000', 'K01'),
('20736', 'IGNITOR HPI 400W HPI400W/220V', 'EACH', '515000', 'K01'),
('20737', 'GLASS WOOL DENSITY 24KG/M3', 'EACH', '30000', 'K01'),
('20738', 'HEATSRING 600V', 'MT', '117500', 'K01'),
('20739', 'RESISTANCE HEAT TUBE 6 MM2 /SELONGSONG', 'MT', '7100', 'K01'),
('20740', 'MICA TRANSPARANT 210CMx0.4MMx120CM', 'MT', '250000', 'K01'),
('20741', 'JUNCTION BOX 3 WAY 20 MM2 3WAY/20MM/220V', 'EACH', '8000', 'K01'),
('20742', 'JUNCTION BOX 4 WAY 20 MM2 3WAY/20MM/220V', 'EACH', '10000', 'K01'),
('20743', 'ELECTRIC KNOB 6 ARKN PD4051EA/8511388', 'EACH', '75000', 'K01'),
('20744', 'EZ LABEL CASIO IR-9 WEI IR-9 WEI', 'ROLL', '180000', 'K01'),
('20745', 'PITA DEMOTIF 10MM LABEL', 'ROLL', '110000', 'K01'),
('20746', 'DIMOTAPE 10 MM LABEL PRINT', 'ROLL', '110000', 'K01'),
('20747', 'BARET LAMP 22 WATT LIGHTING', 'EACH', '142500', 'K01'),
('20748', 'BODY LAMPU SPOOT E 27 FLOOD LIGHT', 'EACH', '135000', 'K01'),
('20749', 'DOWN LIGHT ARTHOLITE A2021 RD 150 E27', 'EACH', '409500', 'K01'),
('20750', 'LAMP FIXTURE 1 X 36 WATT 36W/220V', 'SET', '218000', 'K01'),
('20751', 'LAMP FIXTURE 1 X 36 WATT TLD36W', 'EACH', '45000', 'K01'),
('20752', 'LAMP FIXTURE 1*18 WATT TL1X18W/220V', 'EACH', '45000', 'K01'),
('20753', 'LAMP FIXTURE 2 X 18 WATT 2X18W/220V', 'SET', '240000', 'K01'),
('20754', 'LAMPU CCB 32 ARTOLITE CCB32W/220V', 'EACH', '275000', 'K01'),
('20755', 'LAMPU TLE 22 WATT 22W/220V', 'EACH', '18000', 'K01'),
('20756', 'CONTROLL EMERGENCY LAMP+BATERE 12 VOLT', 'EACH', '625000', 'K01'),
('20757', 'EMERGENCY EXIT LAMP 220 V / 10 WATT', 'SET', '630000', 'K01'),
('20758', 'LAMPU EMERGENCY 1*36 WATT/220V', 'SET', '765000', 'K01'),
('20759', 'LAMPU EMERGENCY 2*36 WATT/220V', 'SET', '1550000', 'K01'),
('20760', 'LAMPU GARDEN 60W/220V', 'SET', '375000', 'K01'),
('20761', 'LAMPU RM 300 GLOSS DOWN LIGHT 2 X 36WATT', 'SET', '725000', 'K01'),
('20762', 'LAMPU RM 300 GLOSS DOWN LIGHT 3 X 36WATT', 'SET', '935000', 'K01'),
('20763', 'LAMPU KULKAS 240 V 15 WATT / 220 V', 'EACH', '25000', 'K01'),
('20764', 'LAMPU OVEN 120 V 10 WATT /120V', 'EACH', '35000', 'K01'),
('20765', 'LAMPU WATER PROOF 1X36 WATT/220V', 'SET', '540000', 'K01'),
('20766', 'DOWN LIGHT PHILLIP DIAMETER 100MM', 'EACH', '525000', 'K01'),
('20767', 'EMERGENCY LAMP TLD 1x18 WATT', 'EACH', '400000', 'K01'),
('20768', 'LAMP CILCULAR 22 WATT 22W/220V', 'EACH', '25000', 'K01'),
('20769', 'LAMP ESENSIAL 11 WATT 11W/220V', 'EACH', '37000', 'K01'),
('20770', 'LAMP FIXTURE 1 X 36 WATT TLD36W', 'EACH', '30000', 'K01'),
('20771', 'LAMP FIXTURE 2 X 18 WATT 2X18W/220V', 'EACH', '55000', 'K01'),
('20772', 'LAMP FIXTURE 2*36 WATT 2X36W/220V', 'EACH', '160000', 'K01'),
('20773', 'LAMP FIXTURE HALOGEN 500 W/220 V', 'SET', '215000', 'K01'),
('20774', 'LAMP FLORECENT TLD TLD 36 W/54 WATT', 'EACH', '30600', 'K01'),
('20775', 'LAMP FLOURECENT TLD TLD 18 W/54 WATT', 'EACH', '26000', 'K01'),
('20776', 'LAMP HPI 250 WATT 250W/220V', 'EACH', '245000', 'K01'),
('20777', 'LAMP HPI 400 WATT 400W/220V', 'EACH', '295000', 'K01'),
('20778', 'LAMP PLS 9 WATT 9W/220V', 'EACH', '33000', 'K01'),
('20779', 'LAMP REFLECTOR 120 WATT PAR 38/120/220V', 'EACH', '202000', 'K01'),
('20780', 'LAMP REFLECTOR 75 WATT PAR 38/75/220V', 'EACH', '120000', 'K01'),
('20781', 'LAMP SL 20 WATT SL 20W/220V', 'EACH', '77000', 'K01'),
('20782', 'LAMPU FLOOD LIGHT IP 56 150 WATT PHILLIP', 'EACH', '225000', 'K01'),
('20783', 'LAMPU FLOOD LIGHT IP 56 250 WATT PHILLIP', 'EACH', '350000', 'K01'),
('20784', 'LAMPU FLOOD LIGHT IP 56 400 WATT PHILLIP', 'EACH', '350000', 'K01'),
('20785', 'LAMPU HPIT 1000 WATT BULB/1000W', 'EACH', '1450000', 'K01'),
('20786', 'LAMPU HPIT 2000 WATT BULB/2000W', 'EACH', '1750000', 'K01'),
('20787', 'LAMPU PHILLIHP XL 18 WATT 18W/220V', 'EACH', '77500', 'K01'),
('20788', 'LAMPU PHILLIHP XL 25 WATT 25W/220V', 'EACH', '99500', 'K01'),
('20789', 'LAMPU PHILLIHP XL 40 WATT 40W/220V', 'EACH', '105000', 'K01'),
('20790', 'LAMPU PHILLIHP XL 75 WATT 75W/220V', 'EACH', '130000', 'K01'),
('20791', 'LAMPU REFLECTOR 60 WATT 60W/220V', 'EACH', '38000', 'K01'),
('20792', 'LAMPU SOFTONE 100 WATT 100W/220V', 'EACH', '10000', 'K01'),
('20793', 'LAMPU SOFTONE 40 WATT 40W/220V', 'EACH', '10000', 'K01'),
('20794', 'LAMPU SOFTONE 80 WATT 80W/220V', 'EACH', '10000', 'K01'),
('20795', 'LAMPU TL 32 WATT 32W/220V', 'EACH', '35000', 'K01'),
('20796', 'LAMPU TL SUPER 80 1 X18 WATT', 'EACH', '35600', 'K01'),
('20797', 'LAMPU TL SUPER 80 1 X36 WATT', 'EACH', '37500', 'K01'),
('20798', 'LAMPU TL SUPER 80 2 X 18 WATT', 'EACH', '73600', 'K01'),
('20799', 'LAMPU TL SUPER 80 2 X36 WATT', 'EACH', '77600', 'K01'),
('20801', 'REFLECTOR 60 WATT 60W/220V', 'EACH', '38000', 'K01'),
('20802', 'SIMBAD LIGHT 2X18 WATT TL 2X18W', 'SET', '160000', 'K01'),
('20803', 'STARTER S-10 36W', 'EACH', '8750', 'K01'),
('20804', 'STARTER S-02 18W', 'EACH', '8750', 'K01'),
('20805', 'WTRPROOF LAMP FIXT TLD 1X18 WATT/220VOLT', 'SET', '510000', 'K01'),
('20806', 'WTRPROOF LAMP FIXT TLD 1X10 WATT/220VOLT', 'SET', '225000', 'K01'),
('20807', 'WTRPROOF LAMP FIXT TLD 2X18 WATT/220VOLT', 'SET', '650000', 'K01'),
('20808', 'BULB LAMP INSECT KILLER LAMP 18 WATT', 'EACH', '85000', 'K01'),
('20809', 'GARDEN LAMP LAMP', 'SET', '375000', 'K01'),
('20810', 'LAMPU EMERGENCY  TL LED 18 WATT', 'EACH', '615000', 'K01'),
('20811', 'LAMPU EMERGENCY  TLD 2X18 WATT', 'EACH', '785000', 'K01'),
('20812', 'LAMPU HPIT 150W/220V', 'SET', '2200000', 'K01'),
('20813', 'LAMPU HPIT 250W/220V', 'SET', '2450000', 'K01'),
('20814', 'LAMPU HPIT 400W/220V', 'SET', '2900000', 'K01'),
('20815', 'LAMPU INSECT KILLER 18WATT/220V', 'EACH', '625000', 'K01'),
('20816', 'LAMPU SIMBAD 1X18 WATT', 'SET', '140000', 'K01'),
('20817', 'LAMPU DOWLIGHT  LED 3 WATT', 'EACH', '90000', 'K01'),
('20818', 'LAMPU DOWLIGHT  LED 5 WATT', 'EACH', '130000', 'K01'),
('20819', 'LAMPU DOWLIGHT  LED 10 WATT', 'EACH', '250000', 'K01'),
('20820', 'LAMPU DOWLIGHT  LED 15 WATT', 'EACH', '300000', 'K01'),
('20821', 'MASTER LAMPU HPIT TYPE 250W/645 E40', 'EACH', '385000', 'K01'),
('20822', 'LAMPU  LED TUBE 19 W STD 1200MM', 'EACH', '455000', 'K01'),
('20823', 'LAMPU KOLAM RENANG LED 13 WATT/12VOLT', 'SET', '1550000', 'K01'),
('20824', 'LAMPU LED PAR 38 12 WATT', 'EACH', '310000', 'K01'),
('20825', 'LASDOP 6mm LASDOP 6mm', 'EACH', '3500', 'K01'),
('20826', 'COMBO BULB EMERGENCY LIGHT 15 WATT', 'EACH', '165000', 'K01'),
('20827', 'HPL N  250 WATT', 'SET', '1900000', 'K01'),
('20828', 'BULB 250 WATT', 'EACH', '325000', 'K01'),
('20829', 'BALLAST HPL 250 WATT', 'EACH', '545000', 'K01'),
('20830', 'HPL N 400 WATT', 'SET', '2400000', 'K01'),
('20831', 'BULB HPL N 400 WATT', 'EACH', '375000', 'K01'),
('20832', 'BALLAST HPLN 400 WATT', 'EACH', '645000', 'K01'),
('20833', 'LASDOP 10mm LASDOP 10mm', 'EACH', '1023', 'K01'),
('20834', 'LUG 35 MM2 35 MM / 220 V', 'EACH', '8000', 'K01'),
('20835', 'PILOT LIGHT 230 V YELLOW PD414JB/8325492', 'EACH', '135000', 'K01'),
('20836', 'PILOT LIGHT 230 V GREEN PD414KB/8325493', 'EACH', '135000', 'K01'),
('20837', 'GEMBOK /PADLOCK 50MM/2HOLE LOCK', 'EACH', '100000', 'K01'),
('20838', 'GEMBOK/PADLOCK 20MM/2HOLE LOCK', 'EACH', '60000', 'K01'),
('20839', 'CONTROL UNIT ACCES DOOR LOCK', 'EACH', '5250000', 'K01'),
('20840', 'LOCKING SYSTEM ELECTRO MAGNETIC LOCK', 'EACH', '2450000', 'K01'),
('20841', 'BATTERAY POWER SUPPLY', 'EACH', '1450000', 'K01'),
('20842', 'OIL COMPRESSOR SAE15', 'LT', '90000', 'K01'),
('20843', 'OLI SAE 90 SAE90MESRAN', 'LT', '107600', 'K01'),
('20844', 'WD 40 WD 40 - CAN', 'EACH', '80000', 'K01'),
('20845', 'OLI SAE 40 (KECIL) SAE40MESRAN', 'TIN', '75600', 'K01'),
('20846', 'GREASE LUBRICANT', 'TIN', '65000', 'K01'),
('20847', 'FORK LUG 2.5 MM2 2.5 MM / 220 V', 'EACH', '1000', 'K01'),
('20848', 'MALE LUG CABLE 2.5 MM2 2.5MM/220V', 'EACH', '1000', 'K01'),
('20849', 'FEMALE LUG CABLE 2.5MM 2.55MM/220 V', 'EACH', '1200', 'K01'),
('20850', 'RING LUG CABLE 6MM2 6 MM2', 'EACH', '1000', 'K01'),
('20851', 'SKUN 10MM LUG', 'EACH', '7750', 'K01'),
('20852', 'LUG 10 MM2 10 MM / 220 V', 'EACH', '7750', 'K01'),
('20853', 'LUG 120 MM2 120 MM / 220 V', 'EACH', '50000', 'K01'),
('20854', 'LUG 150 MM2 150 MM / 220 V', 'EACH', '60000', 'K01'),
('20855', 'LUG 16 MM2 16 MM / 220 V', 'EACH', '11000', 'K01'),
('20856', 'LUG 185 MM2 185 MM / 220 V', 'EACH', '50000', 'K01'),
('20857', 'LUG 240 MM2 240 MM / 220 V', 'EACH', '50000', 'K01'),
('20858', 'LUG 25 MM2 25 MM / 220 V', 'EACH', '14000', 'K01'),
('20859', 'LUG 4 MM2 4 MM / 220 V', 'EACH', '5000', 'K01'),
('20860', 'LUG 50 MM2 50 MM / 220 V', 'EACH', '23000', 'K01'),
('20861', 'LUG 6 MM2 6 MM / 220 V', 'EACH', '6000', 'K01'),
('20862', 'LUG 70 MM2 70 MM / 220 V', 'EACH', '40000', 'K01'),
('20863', 'LUG 90 MM2 90 MM / 220 V', 'EACH', '50000', 'K01'),
('20864', 'SWITCH 3 GANG 3 GANG', 'EACH', '125000', 'K01'),
('20865', 'MESIN CUCI ELECTROLUX 10 KG', 'UNIT', '17500000', 'K01'),
('20866', 'FLASING/TOP HOT SECTION BJLS025', 'EACH', '110000', 'K01'),
('20867', 'PLATE BESI 10 CMX30CMX1 CM', 'EACH', '915000', 'K01'),
('20868', 'DIODA MICROWAVE OVEN 220V', 'EACH', '150000', 'K01'),
('20869', 'MOTOR VACUM CLEANER LUX 9000/1100 WATT', 'SET', '1300000', 'K01'),
('20870', 'NAIL RIVET DIAMETER 6MM', 'EACH', '5000', 'K01'),
('20871', 'NAIL WOOD 2inch DIAMETER 2inch', 'KG', '10000', 'K01'),
('20872', 'PAKU REPET 4 MM DIAMETER 4MM', 'BOX', '5000', 'K01'),
('20873', 'NUT 259/20 DIAMETER 259/20', 'EACH', '600', 'K01'),
('20874', 'OVER LOAD 1 PK 9000BTU/4.2A/220V', 'EACH', '67700', 'K01'),
('20875', 'OVER LOAD 12-18 AMPERE 12/18A/220V', 'EACH', '209700', 'K01'),
('20876', 'OVER LOAD 2 1/2 PK 24000BTU/12.2A/220V', 'EACH', '307700', 'K01'),
('20877', 'OVER LOAD 2 PK 18000BTU/8.2A/220V', 'EACH', '267700', 'K01'),
('20878', 'OVER LOAD 4-6 AMPERE 4/6A/220V', 'EACH', '287700', 'K01'),
('20879', 'OVER LOAD KULKAS 1A/220V', 'EACH', '30000', 'K01'),
('20880', 'OVERLOAD 3X-4 AMP 4A/380V/3PHASE', 'EACH', '70000', 'K01'),
('20881', 'OVER LOAD 1 1/2 PK 12000BTU/6A/220V', 'EACH', '197700', 'K01'),
('20882', 'OVER LOAD 1 1/2 PK 12000 BTU/H', 'EACH', '35000', 'K01'),
('20883', 'inchOVER LOAD 1 5 ~ 4 AMPEREinch', 'EACH', '90000', 'K01'),
('20884', 'OVER LOAD 18 ~ 24 AMPERE', 'EACH', '220000', 'K01'),
('20885', 'OVER LOAD 24 ~ 32 AMPERE', 'EACH', '230000', 'K01'),
('20886', 'OVER LOAD 3/4 PK 7000BTU/H', 'EACH', '30000', 'K01'),
('20887', 'OVER LOAD 4 ~ 8 AMPERE', 'EACH', '297700', 'K01'),
('20888', 'OVER LOAD 8 ~ 12 AMPERE', 'EACH', '310000', 'K01'),
('20889', 'PAINT /CAT MINYAK DULUX DULUX', 'LT', '25000', 'K01'),
('20890', 'PAINT / CAT BESI HITAM PLATONE', 'LT', '74400', 'K01'),
('20891', 'SPRAY PAINT 115-ORANGE', 'CAN', '46800', 'K01'),
('20892', 'KUAS 2inch 5X1.5CM', 'EACH', '9000', 'K01'),
('20893', 'PANEL 9 POLE PANEL BOX 9 GROUP', 'BOX', '230000', 'K01'),
('20894', 'PANEL MG 12 POLE (PVC) PANEL BOX 12 POLE', 'BOX', '250000', 'K01'),
('20895', 'OUTBOX 12 POLE LEGRAND PANEL', 'BOX', '400000', 'K01'),
('20896', 'PANEL BOX 6 POLE PANEL BOX 6 POLE', 'EACH', '200000', 'K01'),
('20897', 'HANDLE PANEL+ LOCK PANEL', 'EACH', '175000', 'K01'),
('20898', 'PANEL BOX SIZE 60X40X20', 'EACH', '960000', 'K01'),
('20899', 'PANEL BOX SIZE 70X50X20', 'EACH', '1100000', 'K01'),
('20901', 'LEGEND PANEL', 'EACH', '100000', 'K01'),
('20902', 'ISOLATION PAPER 40MMX500CM/1 ROLL', 'ROLL', '9000', 'K01'),
('20903', 'OIL COMPRESSOR SUNISO 3 GS', 'LT', '82500', 'K01'),
('20904', 'OIL COMPRESSOR SUNISO 4 GS', 'LT', '82500', 'K01'),
('20905', 'PVC PIPE 32 MM2 PVC32MM', 'EACH', '33000', 'K01'),
('20906', 'PVC SOCKET 20 MM2 DIAMETER 20MM', 'EACH', '2000', 'K01'),
('20907', 'PIPE CAPILARY 0.64 MM2 COPPERTUBE 0.64MM', 'MT', '15000', 'K01'),
('20908', 'PIPE CAPILARY 0.70 MM2 COPPERTUBE 0.70MM', 'MT', '15000', 'K01'),
('20909', 'PIPE CAPILARY 0.80 MM2 COPPERTUBE 0.80MM', 'MT', '16000', 'K01'),
('20910', 'PIPE COPPER TUBE 1/4inch COPPERTUBE 1/4inch', 'MT', '23715', 'K01'),
('20911', 'PIPE COPPER TUBE 3/8inch COPPERTUBE 3/8inch', 'MT', '36715', 'K01'),
('20912', 'PIPA CAPILARY 1/4inch 1/4 inch', 'MT', '14500', 'K01'),
('20913', 'CUP PIPE GROUNDING 4"X50CM PVC', 'EACH', '34500', 'K01'),
('20914', 'DOP 6 inch PVC PIPE PVC', 'EACH', '107800', 'K01'),
('20915', 'T-PIPA PVC PVC 3/4 inch', 'EACH', '35000', 'K01'),
('20916', 'PIPE PVC 4inch AW MASPION', 'MT', '375000', 'K01'),
('20917', 'PVC PIPE 3/4inch PVC3/4inch', 'LGTH', '21000', 'K01'),
('20918', 'PVC PIPE 6inch PVC DIAMETER 6 inch', 'MT', '68000', 'K01'),
('20919', 'PIPE COPPER  TUBE 5/8 inch COPPER TUBE 5/8 inch', 'MT', '55000', 'K01'),
('20920', 'PIPE COPPER TUBE 1/2 inch COPPERTUBE 1/2 inch', 'MT', '65000', 'K01'),
('20921', 'PIPE COPPER TUBE 3/4 inch COPPERTUBE 3/4 inch', 'MT', '102000', 'K01'),
('20922', 'PIPE COPPER TUBE 7/8 inch', 'MT', '150000', 'K01'),
('20923', 'GALVANIS PIPE 1 inch GALVANIS', 'LGTH', '399650', 'K01'),
('20924', 'GALVANIS PIPE 1 5 inch', 'LGTH', '399650', 'K01'),
('20925', 'GALVANIS PIPE 2 inch GALVANIS', 'LGTH', '599650', 'K01'),
('20926', 'GALVANIS PIPE 2.5 inch GALVANIS', 'LGTH', '799650', 'K01'),
('20927', 'GALVANIS PIPE 3 inch GALVANIS', 'LGTH', '1199650', 'K01'),
('20928', 'PIPE COPPER 1/4 inch, THICK 0.6 MM', 'MT', '86660', 'K01'),
('20929', 'PIPE COPPER 1/2 inch, THICK 0.6 MM', 'MT', '126660', 'K01'),
('20930', 'PIPE COPPER 3/8 inch, THICK 0.6 MM', 'MT', '106660', 'K01'),
('20931', 'PIPE COPPER 5/8 inch, THICK 0.6 MM', 'MT', '136660', 'K01'),
('20932', 'PIPE COPPER 3/8 inch, THICK 0.6 MM', 'MT', '106660', 'K01'),
('20933', 'REGTANGULAR HOT PLATE PD2270/8511337', 'EACH', '6000000', 'K01'),
('20934', 'PLUG 2 PIN ROUND 2PINROUND', 'EACH', '35000', 'K01'),
('20935', 'PLUG BROCO 2 PIN 2PINROUND', 'EACH', '58000', 'K01'),
('20936', 'PLUG 3 PIN PIPIH (56P313) 56P313', 'EACH', '180000', 'K01'),
('20937', 'PLUG 3 PIN ROUND 3PINROUND', 'EACH', '69000', 'K01'),
('20938', 'PLUG 5 PIN 1 PHASE 32 A 32A/3PHASE', 'EACH', '300000', 'K01'),
('20939', 'PLUG LEGRAN 2 PIN 2PINLEGRAN', 'EACH', '58000', 'K01'),
('20940', 'PUG 3 PIN FLATE B15N', 'EACH', '58000', 'K01'),
('20941', 'POMPA AIR 250W/220V', 'SET', '820000', 'K01'),
('20942', 'HIGH PRESSURE CONTROL TYPE KP-5', 'SET', '297500', 'K01'),
('20943', 'LOW PRESSURE CONTROL TYPE KP-1', 'SET', '297500', 'K01'),
('20944', 'SWITCH HIGH PRESSURE SWITCH KP 15', 'EACH', '547500', 'K01'),
('20945', 'PULLY MOTOR FREEZER PULLY MOTOR FREEZER', 'EACH', '567500', 'K01'),
('20946', 'DAIN RAIL OMEGA 4X100 CM RAIL MCB', 'MT', '24000', 'K01'),
('20947', 'DIN RAIL ALUMUNIUM MG 4X100 CM RAIL MCB', 'MT', '40000', 'K01'),
('20948', 'RAIL BREAKER UKURAN 4X100 CM', 'LGTH', '70000', 'K01'),
('20949', 'KULKAS SANYO 80 LITER CAP 80L/60W/220V', 'EACH', '4100000', 'K01'),
('20950', 'KULKAS SHAP 300 LITER CAP 300L/100W/220V', 'EACH', '6500000', 'K01'),
('20951', 'KULKAS SHAP 500 LITER CAP 500L/125W/220V', 'EACH', '10100000', 'K01'),
('20952', 'ELECTRONIK REGULATOR PD2094', 'EACH', '5000000', 'K01'),
('20953', 'RELAY FOR AC SPLIT G4A-1A-PS 12 VDC', 'EACH', '202000', 'K01'),
('20954', 'RELAY KULKAS 1/16HP/220V', 'EACH', '35000', 'K01'),
('20955', 'RELAY OMRON 64 AMP 64 AMP P 12 VDC', 'EACH', '600000', 'K01'),
('20956', 'RELAY VF 12LU 12 VDC 12LU 12 VDC/20A', 'EACH', '378000', 'K01'),
('20957', 'RELAY VF12LU 12 VOLT 12LU 12 VOLT/20A', 'EACH', '300000', 'K01'),
('20958', 'PHASE FAILURE RELAY AC CENTRAL', 'UNIT', '2200000', 'K01'),
('20959', 'PHASE FAULT  MONITORING RELAY', 'EACH', '1700000', 'K01'),
('20960', 'RELAY SOCKET PD2475', 'EACH', '136000', 'K01'),
('20961', 'RELAY 230 VOLT PD2476', 'EACH', '550000', 'K01'),
('20962', 'RELAY 230 VOLT PD2476', 'EACH', '550000', 'K01'),
('20963', 'REMOTE CONTROL AC REMOTE CONTROL', 'EACH', '223500', 'K01'),
('20964', 'REMOTE CONTROL AC REMOTE CONTROL', 'EACH', '183500', 'K01'),
('20965', 'REMOTE CONTROL AC REMOTE CONTROL', 'EACH', '173500', 'K01'),
('20966', 'REMOTE AC MULTI REMOTE', 'EACH', '160000', 'K01'),
('20967', 'REFTROFIT R22 TO MC 22 AC 0.75 HP', 'UNIT', '500000', 'K01'),
('20968', 'REFTROFIT R22 TO MC 22 AC 1.0 HP', 'UNIT', '500000', 'K01'),
('20969', 'REFTROFIT R22 TO MC 22 AC 1.5 HP', 'UNIT', '600000', 'K01'),
('20970', 'REFTROFIT R22 TO MC 22 AC 2.0 HP', 'UNIT', '900000', 'K01'),
('20971', 'REFTROFIT R22 TO MC 22 AC 2.5 HP', 'UNIT', '1000000', 'K01'),
('20972', 'REFTROFIT R22 TO MC 22 AC 3.0 HP', 'UNIT', '1300000', 'K01'),
('20973', 'REFTROFIT R22 TO MC 22 AC 5.0 HP', 'UNIT', '2250000', 'K01'),
('20974', 'REFTROFIT R22 TO MC 22 AC 10 HP', 'UNIT', '4500000', 'K01'),
('20975', 'GULUNGAN MOTOR 1/4HP/380V/3PHASE', 'EACH', '800000', 'K01'),
('20976', 'REWENDING MOTOR BLOWER 100W/220V', 'EACH', '600000', 'K01'),
('20977', 'WELDING ROD RB 2.6 MM RB 2,6 MM', 'EACH', '7500', 'K01'),
('20978', 'KARET PINTU CHILLER 5CM/MAGNET', 'MT', '287500', 'K01'),
('20979', 'KARET PINTU FREZZER 5CM/MAGNET', 'MT', '287500', 'K01'),
('20980', 'KARET PINTU KULKAS 5CM/MAGNET', 'EACH', '285500', 'K01'),
('20981', 'SAND PAPER AMPELAS', 'SHT', '4500', 'K01'),
('20982', 'SELF TAPING SCREW 8X1/2inch HEAD HALFROUND', 'EACH', '270', 'K01'),
('20983', 'O RING DIAMETER 3CM', 'EACH', '1200', 'K01'),
('20984', 'SILICON SEALENT CLEAR', 'TUBE', '125000', 'K01'),
('20985', 'SENSOR REMOTE AC SENSOR CONTROL', 'UNIT', '145000', 'K01'),
('20986', 'SENSOR REMOTE AC SENSOR CONTROL', 'UNIT', '145000', 'K01'),
('20987', 'SENSOR REMOTE AC SENSOR CONTROL', 'UNIT', '145000', 'K01'),
('20988', 'SENSOR CONTROL REMOT SENSOR CONTROL', 'EACH', '145000', 'K01'),
('20989', 'SERVICE AMPLIFIER SERVICE ELECTRONIC', 'EACH', '200000', 'K01'),
('20990', 'SERVICE SPEAKER SERVICE ELECTRONIC', 'EACH', '180000', 'K01'),
('20991', 'SERVICE TV 29 INCH SERVICE ELECTRONIC', 'EACH', '650000', 'K01'),
('20992', 'SERVICES RINGAN TV 29 inch TELEVISON 29 inch', 'UNIT', '285000', 'K01'),
('20993', 'SERVICES SEDANG TV29 inch TELEVISON 29 inch', 'UNIT', '630000', 'K01'),
('20994', 'SERVICES BESAR TV 29 inch TELEVISON 29 inch', 'UNIT', '1300000', 'K01'),
('20995', 'SERVICES RINGAN TV 21 inch TELEVISON 21 inch', 'UNIT', '200000', 'K01'),
('20996', 'SERVICES SEDANG TV 21 inch TELEVISON 21 inch', 'UNIT', '500000', 'K01'),
('20997', 'SERVICES BESAR TV 21 inch TELEVISON 21 inch', 'UNIT', '940000', 'K01'),
('20998', 'SERVICES RINGAN TV 24 inch TELEVISON 24 inch', 'UNIT', '340000', 'K01'),
('20999', 'SERVICES SEDANG TV 24 inch TELEVISON 24 inch', 'UNIT', '650000', 'K01'),
('21001', 'SERVICES BESAR TV 24 inch TELEVISON 24 inch', 'UNIT', '750000', 'K01'),
('21002', 'SERVICES RINGAN TV 32 inch TELEVISON 32 inch', 'UNIT', '457500', 'K01'),
('21003', 'SERVICES SEDANG TV 32 inch TELEVISON 32 inch', 'UNIT', '950000', 'K01'),
('21004', 'SERVICES BESAR TV 32 inch TELEVISON 32 inch', 'UNIT', '1650000', 'K01'),
('21005', 'SERVICES TAG AC 12X20 CM', 'EACH', '10000', 'K01'),
('21006', 'SIMERSTAT 3 STEP PD412J', 'EACH', '1285200', 'K01'),
('21007', 'OUTLET 2 PIN 2PIN/16A/220V', 'EACH', '25000', 'K01'),
('21008', 'OUTLET 2 PIN IP 56 A 210/16', 'EACH', '25000', 'K01'),
('21009', 'OUTLET 3 PIN 56 SO 313 250 VOLT 13 AMP', 'EACH', '425500', 'K01'),
('21010', 'OUTLET 3 PIN FLATE 13A/220V', 'EACH', '190000', 'K01'),
('21011', 'OUTLET 3 PIN ROUND 16A/220V', 'EACH', '190000', 'K01'),
('21012', 'OUTLET 56SO210/16 56SO210/16', 'EACH', '515000', 'K01'),
('21013', 'OUTLET 2 PIN CLIPSAL 2P/16A/220V', 'EACH', '30000', 'K01'),
('21014', 'MOUNTING BOX SOCKET', 'EACH', '27800', 'K01'),
('21015', 'OUTLET 2 PIN B426/16S', 'EACH', '33000', 'K01'),
('21016', 'OUTLET 3 PIN COMPLETE FUSE & LAMP', 'EACH', '125000', 'K01'),
('21017', 'OUTLET 3 PIN PIPIH B15N', 'EACH', '125000', 'K01'),
('21018', 'OUTLET 3 PIN ROUND B15/15', 'EACH', '170000', 'K01'),
('21019', 'PLUG 3 PIN ROUND', 'EACH', '130000', 'K01'),
('21020', 'PLUG 3 PIN PIPIH B15N', 'EACH', '105000', 'K01'),
('21021', 'SILVER SOLDER TIMAH SOLDER', 'EACH', '41750', 'K01'),
('21022', 'BROWN STICK KAWAT LAS KUNINGAN', 'EACH', '50000', 'K01'),
('21023', 'STICK GROUNDING 120mmx16mm COPPER', 'EACH', '395000', 'K01'),
('21024', 'MANGKOK UNTUK STOVE G6inch/220V', 'EACH', '552500', 'K01'),
('21025', 'MANGKOK UNTUK STOVE G8inch/220V', 'EACH', '800000', 'K01'),
('21026', 'SWITCH 56 C SW 120 56 C SW 120', 'EACH', '525000', 'K01');
INSERT INTO `menu` (`kd_menu`, `nm_menu`, `nm_menu2`, `harga`, `kd_kategori`) VALUES
('21027', 'SWITCH 56 C SW 320 56 C SW 320', 'EACH', '785500', 'K01'),
('21028', 'SWITCH ROTARY 56SW120 1 PHASE 20 A', 'SET', '685500', 'K01'),
('21029', 'SWITCH SINGLE 35 IP 66', 'EACH', '125000', 'K01'),
('21030', 'SWITCH DOUBLE 16 A /220 V', 'EACH', '36000', 'K01'),
('21031', 'SWITCH SINGLE (1 WAY) 16 A /220 V', 'EACH', '35000', 'K01'),
('21032', 'DOOR SWITCH HS 7348/4 WASHING MACHINE', 'EACH', '140000', 'K01'),
('21033', 'CHANGE OVER SWITCH 3 PHASE 16 AMP 220 V', 'EACH', '400000', 'K01'),
('21034', 'CHANGE OVER SWITCH 3 PHASE 16 AMP 380 V', 'EACH', '400000', 'K01'),
('21035', 'CHANGE OVER SWITCH 3 PHASE 40 AMP 220 V', 'EACH', '500000', 'K01'),
('21036', 'OVER CHANGE SWITCH 3 PHASE 63 AMP 380 V', 'EACH', '885000', 'K01'),
('21037', 'LIMIT SWITCH MAYTAG 6A/220V', 'EACH', '225100', 'K01'),
('21038', 'EMERGENCY STOP NO,NC 3 A / 220 V', 'EACH', '195000', 'K01'),
('21039', 'WASCATOR TIMER P/N 4718979-01', 'EACH', '270000', 'K01'),
('21040', 'DOOR SWITCH EW TYPE 560F WASHING MACHINE', 'EACH', '100000', 'K01'),
('21041', 'PHOTO CELL 10 A 220 V 10 A 220 V', 'EACH', '225000', 'K01'),
('21042', 'SWITCH TOGGLE WHS', 'EACH', '255000', 'K01'),
('21043', 'SWITCH 56 C SW 532 56 C SW 532 3 PHASE', 'EACH', '1625000', 'K01'),
('21044', 'SWITCH 9 GANG 9 GANG', 'EACH', '325750', 'K01'),
('21045', 'CONTACTOR 3 PHASE  7.5 HP GC 6205', 'EACH', '565000', 'K01'),
('21046', 'THERMOSTAT W/SWITCH PD412E', 'EACH', '625500', 'K01'),
('21047', 'MICRO SWITCH PDCS56', 'EACH', '331000', 'K01'),
('21048', 'ROTARY SWITCH 6 SWITCH PD4609', 'EACH', '375000', 'K01'),
('21049', 'LIMIT SWITCH PD424D', 'EACH', '425000', 'K01'),
('21050', 'MAGNET SWITCH PD424V', 'EACH', '250000', 'K01'),
('21051', 'PRESSURE SWITCH PD2095', 'EACH', '425250', 'K01'),
('21052', 'BIMETAL SWITCH PD404T', 'EACH', '625000', 'K01'),
('21053', 'WATER SENSOR SWITCH PD404Q', 'EACH', '785000', 'K01'),
('21054', 'SWITCH SINGLE B31/1/2A', 'EACH', '35000', 'K01'),
('21055', 'SWITCH DOUBLE B32/1/2A', 'EACH', '45000', 'K01'),
('21056', 'ISOLATOR SWITCH 1PHASE 20A/220V', 'EACH', '400000', 'K01'),
('21057', 'ISOLATOR SWITCH 35A/250V/1POLE', 'EACH', '400000', 'K01'),
('21058', 'ISOLATOR SWITCH 3PHASE 20A/440V/3POLE', 'EACH', '900000', 'K01'),
('21059', 'ISOLATOR SWITCH 35A/440A/3POLE', 'EACH', '900000', 'K01'),
('21060', 'ISOLATOR SWITCH 63A/440V/3POLE', 'EACH', '1200000', 'K01'),
('21061', 'LAMPU LED BARET 12 WATT', 'EACH', '347500', 'K01'),
('21062', 'PRESSURE SWITCH WATER PUMP 0.5 - 5 BAR', 'SET', '285000', 'K01'),
('21063', 'TOMBOL PUSH BOTTON 16 AMP/400VOLT, 20MM', 'EACH', '85500', 'K01'),
('21064', 'TOMBOL POWER EW/1279F, 6AMP/220VOLT', 'EACH', '125000', 'K01'),
('21065', 'REGULATOR SWITCH FEY -149/153', 'EACH', '90000', 'K01'),
('21066', 'TAG OUTLET BLACK DAP-1TH', 'EACH', '25000', 'K01'),
('21067', 'TEST TAG CABLE - RED 3 MONTHLY', 'EACH', '25000', 'K01'),
('21068', 'TEST TAG CABLE BLACK YEARLY', 'EACH', '25000', 'K01'),
('21069', 'TEST TAG POWER OUTLET RED 3 MONTHLY', 'EACH', '13000', 'K01'),
('21070', 'RUBBER TAPE SPLICING TAPE', 'ROLL', '35250', 'K01'),
('21071', 'SEAL THREAD TAPE 220', 'EACH', '6000', 'K01'),
('21072', 'INSULATION TAPE ELECT BLACK/YELLOW/RED', 'EACH', '12000', 'K01'),
('21073', 'TEMP CONTROL CHILLER TC-05, 220 VOLT', 'EACH', '525000', 'K01'),
('21074', 'TERMINAL BLOK DIAMETER KABEL 10MM', 'EACH', '45000', 'K01'),
('21075', 'TERMINAL BLOK 16mm STRIP', 'EACH', '45000', 'K01'),
('21076', 'TERMINAL BLOK 4mm STRIP', 'EACH', '12500', 'K01'),
('21077', 'TERMINAL BLOK 6mm STRIP', 'EACH', '15700', 'K01'),
('21078', 'TERMINAL STRIP 4 MM STRIP', 'EACH', '10800', 'K01'),
('21079', 'TERMINAL STRIP 10 MM STRIP', 'EACH', '15700', 'K01'),
('21080', 'TERMINAL STRIP 16 MM STRIP', 'EACH', '22000', 'K01'),
('21081', 'TERMINAL STRIP 25 MM STRIP', 'EACH', '30000', 'K01'),
('21082', 'TERMISTOR PIPE AC 7000/9000/12000 BTU/H', 'EACH', '60000', 'K01'),
('21083', 'TERMISTOR PIPE AC 18000/24000 BTU/H', 'EACH', '64000', 'K01'),
('21084', 'TERMISTOR AC SPLIT 7000 BTU, 2 SENSOR', 'EACH', '50000', 'K01'),
('21085', 'TERMISTOR PANASONIC 18000 BTU, 2 SENSOR', 'EACH', '70000', 'K01'),
('21086', 'TERMISTOR PANASONIC 9000 BTU, 2 SENSOR', 'EACH', '66000', 'K01'),
('21087', 'TERMISTOR ROOM AC 7000/9000/12000 BTU/H', 'EACH', '110000', 'K01'),
('21088', 'TERMISTOR ROOM AC 18000/24000 BTU/H', 'EACH', '185000', 'K01'),
('21089', 'THERMAL HEATER UNTUK KULKAS', 'EACH', '150000', 'K01'),
('21090', 'THERMOSTAT EXPANTION KAP. 1 1/4, 10,0 TR', 'EACH', '5125000', 'K01'),
('21091', 'THERMOSTAT GRILL STOVE 1,5KW, 220VOLT', 'EACH', '900000', 'K01'),
('21092', 'THERMOSTAT WATER COOLER 1/4 HP, ', 'EACH', '557000', 'K01'),
('21093', 'THERMOSTAT BOILER C 581 N 20 AMP 220VOLT', 'EACH', '250500', 'K01'),
('21094', 'THERMOSTAT 1 PH SWITCH OVEN 50/300', 'EACH', '325000', 'K01'),
('21095', 'DIGITAL THERMOSTAT 14620/12 VOLT', 'EACH', '2015000', 'K01'),
('21096', 'THERMOSTAT HONEYWELL AC CENTRAL', 'SET', '1500000', 'K01'),
('21097', 'THERMOSTAT refrigerator THERMOSTAT', 'EACH', '385500', 'K01'),
('21098', 'THERMOSTAT water heater THERMOSTAT', 'EACH', '650000', 'K01'),
('21099', 'SAFETY THERMOSTAT PD412F', 'EACH', '685000', 'K01'),
('21101', 'THERMOSTAT W/SWITCH ON/OFF PD412C', 'EACH', '1525000', 'K01'),
('21102', 'THERMOSTAT ON OFF 50-320 PD412C/8325488', 'EACH', '890000', 'K01'),
('21103', 'SAFETY THERMOSTAT 340C 3POLE PD412W', 'EACH', '2150000', 'K01'),
('21104', 'SENSOR F/DIGITAL THERMOSTAT PT100 PD2091', 'EACH', '1210500', 'K01'),
('21105', 'THERMOSTAT W ON OFF PD412E/8325489', 'EACH', '2125000', 'K01'),
('21106', 'CABLE TIES T18L KSS 100', 'PKT', '21000', 'K01'),
('21107', 'CABLE TIES T30L KSS CV 310', 'PKT', '50000', 'K01'),
('21108', 'CABLE TIES T50L KSS CV 500', 'PKT', '85000', 'K01'),
('21109', 'TIMER OMRON H3BA-C H3BA-C, 220 VOLT', 'EACH', '300000', 'K01'),
('21110', 'TIMER KULKAS 2AMP / 220VOLT', 'EACH', '100000', 'K01'),
('21111', 'TIMER MESIN CUCI 0-45 MENIT 3AMP/220VOLT', 'EACH', '210000', 'K01'),
('21112', 'TIMER OMRON H3CR-A8 H3CR-A8 100~240VAC', 'EACH', '410000', 'K01'),
('21113', 'TYRAP TY10L KSS 100', 'EACH', '1000', 'K01'),
('21114', 'TYRAP TY18L KSS CV 180', 'EACH', '1450', 'K01'),
('21115', 'TYRAP TY30L KSS CV 300', 'EACH', '1600', 'K01'),
('21116', 'TYRAP TY50L KSS CV 500', 'EACH', '2700', 'K01'),
('21117', 'EXPANSI VALVE TEX-R22 0.15-4.5 TONS R22', 'EACH', '3502500', 'K01'),
('21118', 'EXVANSION VALVE R 12 0.15-4.5 TONS R12', 'EACH', '200000', 'K01'),
('21119', 'ACESS VALVE 1/4inch PIPE DIAMETER 1/4inch', 'EACH', '146000', 'K01'),
('21120', 'KRAN WATER BOILER 1/2inchSTAINLESS', 'EACH', '300000', 'K01'),
('21121', 'OVER VALVE 2inch BRONZ 2inch', 'EACH', '240000', 'K01'),
('21122', 'OVER VALVE KUNCI BRONZ 2inch', 'EACH', '140000', 'K01'),
('21123', 'EXVANSI AC CENTRAL PCN 056785 TJRE 18 HC', 'EACH', '5250000', 'K01'),
('21124', 'SOLENOID VALVE DIAMETER 1/4 inch / 220V', 'EACH', '680000', 'K01'),
('21125', 'VALVE WATER DISPENCER HOT COLD DIA 3/8inch', 'EACH', '45000', 'K01'),
('21126', 'HAND VALVE 1/2 inch VALVE', 'EACH', '325000', 'K01'),
('21127', 'VALVE WATER BOILER VALVE STAINLESS', 'EACH', '300000', 'K01'),
('21128', 'V-BELT 47/77 TYPE A77', 'EACH', '205000', 'K01'),
('21129', 'V-BELT A43 TYPE A43', 'EACH', '55000', 'K01'),
('21130', 'V-BELT A91 TYPE A91', 'EACH', '75000', 'K01'),
('21131', 'V-BELT B60 TYPE B60', 'EACH', '75000', 'K01'),
('21132', 'V-BELT B65 TYPE B65', 'EACH', '55000', 'K01'),
('21133', 'V-BELT B85 TYPE B85', 'EACH', '75000', 'K01'),
('21134', 'V-BELT ELECTROLUX P/N 471-77-01-54', 'EACH', '320000', 'K01'),
('21135', 'V-BELT MESIN CUCI SK SP2 2120 LW', 'EACH', '310000', 'K01'),
('21136', 'V-BELT MESIN CUCI MAYTAG SK SP1 1100', 'EACH', '325000', 'K01'),
('21137', 'V-BELT OPTIF WASCATOR SK SP1 2100 SW', 'EACH', '297500', 'K01'),
('21138', 'V-BELT P/N 6602-001 072 WASHING MACHINE', 'EACH', '297500', 'K01'),
('21139', 'WASHER HEAD 25 MM2 DIAMETER 25 MM', 'EACH', '3600', 'K01'),
('21140', 'WASHER HEAD 357 WH12 DIAMETER 35 MM', 'EACH', '1400', 'K01'),
('21141', 'KWH 3X 80 AMP/50HZ 80A/380/3PHASE', 'EACH', '2100000', 'K01'),
('21142', 'KWH METER 60 AMP 60A/220V/1PHASE', 'EACH', '1500000', 'K01'),
('21143', 'WIRE STEEL 4 MM DIAMETER 4 MM, STRANDED', 'MT', '14000', 'K01'),
('21144', 'SLING WIRE 4 MM', 'MT', '14000', 'K01'),
('21145', 'CLAMP SLING WIRE 4 MM', 'EACH', '26600', 'K01'),
('21146', 'KAWAT LAS RB-26-3.2 MM RB-26-2.5', 'EACH', '20400', 'K01'),
('21147', 'PAPAN EXTENSION 30X10CM', 'BOX', '105000', 'K01'),
('21148', 'PAPAN KAPUR 20*2*400CM KAYU KAMPER 400CM', 'SHT', '156000', 'K01'),
('21149', 'LAMPU PLC 9 WATT', 'EACH', '45000', 'K01'),
('21150', 'REMOTE TV', 'EACH', '150000', 'K01'),
('21151', 'ACESS VALVE 3/8inch', 'EACH', '172000', 'K01'),
('21152', 'ELCB 25 A 2 PHASE', 'EACH', '460000', 'K01'),
('21153', 'CLAMP GROUNDING', 'EACH', '66000', 'K01'),
('21154', 'CAPASITOR 2,0 5f', 'EACH', '27000', 'K01'),
('21155', 'CAPASITOR 3,0 5f', 'EACH', '27000', 'K01'),
('21156', 'POWER SUPPLY INVERTER MESIN PENGERING', 'EACH', '16559354', 'K01'),
('21157', 'POWER INVERTER DRYER 1PH AC 200-240VOLT', 'EACH', '19183234', 'K01'),
('21158', 'ADAPTOR PS V.0/203/240/380/400/415/440', 'EACH', '2375000', 'K01'),
('21159', 'ELEMEN HEATER ROIL IRONER 380V/2800WATT', 'EACH', '7250000', 'K01'),
('21160', 'THERMISTOR ROOM HOT MESIN PENGERING', 'EACH', '4000000', 'K01'),
('21161', 'THERMISTOR OVER LOAD MESIN PENGERING', 'EACH', '3650000', 'K01'),
('21162', 'PC BOARD MULTI MESIN CUCI', 'EACH', '835000', 'K01'),
('21163', 'KRAN WATER BOILER STAINLESS', 'EACH', '2720000', 'K01'),
('21164', 'SEAL THREAD TAPE RING', 'EACH', '210000', 'K01'),
('21165', 'VALVE IN LET 1/2inch', 'EACH', '603000', 'K01'),
('30101', 'Ford ranger Double Cabin (Base 4x2)', 'DAY', '440000', 'K01'),
('30102', 'Supervisor', 'HOUR', '75000', 'K01'),
('30103', 'Electrician & Technician (2 Person)', 'HOUR', '60000', 'K01'),
('30104', 'Ass Electrician & Technician (2 Person)', 'HOUR', '50000', 'K01'),
('M000000105', 'aslfas', 'lsjflajl', '1000', 'K01');

-- --------------------------------------------------------

--
-- Table structure for table `pembelian`
--

CREATE TABLE `pembelian` (
  `no_pembelian` char(7) NOT NULL,
  `tgl_pembelian` date NOT NULL,
  `kd_supplier` char(3) NOT NULL,
  `keterangan` varchar(200) NOT NULL,
  `kd_user` char(3) NOT NULL
) ENGINE=MyISAM DEFAULT CHARSET=latin1;

--
-- Dumping data for table `pembelian`
--

INSERT INTO `pembelian` (`no_pembelian`, `tgl_pembelian`, `kd_supplier`, `keterangan`, `kd_user`) VALUES
('BL00001', '2013-02-20', 'S01', 'belanja', 'U01'),
('BL00002', '2013-02-20', 'S01', 'Belanja', 'U01'),
('BL00003', '2013-02-22', 'S02', 'belanja', 'U01'),
('BL00004', '2013-02-23', 'S02', 'Belanja bahan mentah', 'U01');

-- --------------------------------------------------------

--
-- Table structure for table `pembelian_item`
--

CREATE TABLE `pembelian_item` (
  `no_pembelian` char(7) NOT NULL,
  `item_barang` varchar(100) NOT NULL,
  `harga` int(12) NOT NULL,
  `jumlah` int(3) NOT NULL,
  `satuan` varchar(20) NOT NULL
) ENGINE=MyISAM DEFAULT CHARSET=latin1;

--
-- Dumping data for table `pembelian_item`
--

INSERT INTO `pembelian_item` (`no_pembelian`, `item_barang`, `harga`, `jumlah`, `satuan`) VALUES
('BL00001', 'Cabe Merah Keriting (kiloan)', 25000, 10, 'Kg'),
('BL00001', 'Es Polar', 15000, 1, 'Bungkus'),
('BL00002', 'Air Mineral (AQUA) - Gelas', 23000, 5, 'Dus'),
('BL00002', 'Air Mineral (AQUA) Galon ', 14000, 1, 'Galon'),
('BL00002', 'Beras Rojolele', 7000, 5, 'Kg'),
('BL00003', 'Belut', 22000, 3, 'Kg'),
('BL00003', 'Cumi', 45000, 1, 'Kg'),
('BL00003', 'Ikan Gurameh', 30000, 2, 'Kg'),
('BL00003', 'Jamur', 12000, 4, 'Bungkus'),
('BL00003', 'Kecap', 9000, 2, 'Botol'),
('BL00003', 'Paru', 10000, 3, 'Bungkus'),
('BL00003', 'Rampelo Ati', 10000, 3, 'Bungkus'),
('BL00003', 'Tahu', 75000, 6, 'Bungkus'),
('BL00003', 'Tempe', 3500, 10, 'Bungkus'),
('BL00003', 'Terasi ', 2500, 5, 'Bungkus'),
('BL00003', 'Teri', 8000, 3, 'Kg'),
('BL00003', 'Terong', 2500, 5, 'Kg'),
('BL00004', 'Ayam Dada', 13000, 5, 'Bungkus'),
('BL00004', 'Ayam Paha', 12000, 5, 'Bungkus'),
('BL00004', 'Bandeng ', 17000, 5, 'Kg'),
('BL00004', 'Bawal', 14000, 6, 'Kg'),
('BL00004', 'Belut', 23000, 5, 'Kg'),
('BL00004', 'Terong', 3000, 5, 'Kg'),
('BL00004', 'Tomat', 7000, 1, 'Kg'),
('BL00004', 'Udang ', 27000, 5, 'Bungkus'),
('BL00004', 'Wader', 26000, 5, 'Bungkus');

-- --------------------------------------------------------

--
-- Table structure for table `pemesanan`
--

CREATE TABLE `pemesanan` (
  `id` int(4) NOT NULL,
  `tanggal` date NOT NULL,
  `jam` varchar(40) NOT NULL,
  `nomor_meja` varchar(40) NOT NULL,
  `jumlah_orang` varchar(40) NOT NULL,
  `nama_pemesan` varchar(60) NOT NULL,
  `no_telepon` varchar(20) NOT NULL,
  `cic` varchar(10) NOT NULL,
  `keterangan` varchar(100) NOT NULL
) ENGINE=MyISAM DEFAULT CHARSET=latin1;

--
-- Dumping data for table `pemesanan`
--

INSERT INTO `pemesanan` (`id`, `tanggal`, `jam`, `nomor_meja`, `jumlah_orang`, `nama_pemesan`, `no_telepon`, `cic`, `keterangan`) VALUES
(11, '2016-03-23', 'A44404', 'P.10', '1 each', 'Corry P. #18913', '5867', '', 'Please repair leaking Ac in P10 , Perbaikan Ac di arsip room(Ac 02)'),
(10, '2016-03-22', 'A49781', 'T.77 & T.24', '3 each', 'Accomodation', '3159', '', 'Tagging outlet dan portable(close 29-09-2015)'),
(9, '2016-08-24', 'A53219', 'A.9/9', '20 each', 'Accomodation', '3159', '', 'Perbaikan Ac di kamar tidak dingin'),
(12, '2016-03-23', 'A50168', 'Duplex 77/1', '3 each', 'Accomodation', '3159', '', 'Renewal Tagging'),
(13, '2016-03-29', 'A58679', 'P.10 & P.11', '4 each', 'AWF', '5649', '', 'Mohon diganti lampu di P10 sebanyak 3 each, Mohon dicek/perbaiki Ac di P10(tidak bisa dinyalakan), P'),
(14, '2016-04-04', 'A54417', 'A.21', '1 each', 'Accomodation', '3159', '', 'Perbaikan lampu di kamar banyak mati'),
(15, '2016-04-12', 'A49939', 'BP.10', '8 Each', 'Accomodation', '3159', '', 'Perbaikan Ac kamar anak berisik dan kompor tidak panas'),
(16, '2016-04-20', 'A50208', 'BP.62', '2 each', 'Accomodation', '3159', '', 'Perbaikan Ac kamar tengah tidak dingin, Penggantian lampu sorot luar,pojok kiri dan kanan mati,Pengg'),
(17, '2016-04-25', '0322113', 'J.21', '3 each', 'Accomodation', '3159', '', 'Perbaikan Ac di ruang snack box tidak dingin'),
(18, '2016-04-25', '0322108', 'J.7', '3 each', 'Accomodation', '3159', '', 'Perbaikan lampu di kamar mandi barak mati'),
(19, '2016-04-26', 'A50255', 'T.39/2', '20 each', 'Accomodation', '3159', '', 'Perbaikan Ac tidak diingin/panas sebanyak 3 unit'),
(20, '2016-04-26', '0322128', 'A.27', '9 each', 'Accomodation', '3159', '', 'Perbaikan mixer di ruang bakkery royal rusak'),
(21, '2016-04-26', '0322120', 'A.15', '3 each', 'Accomodation', '3159', '', 'Perbaikan lampu teras barak mati'),
(22, '2016-04-26', '0322119', 'A.10', '3 each', 'Accomodation', '3159', '', 'Perbaikan lampu lorong barak kedap-kedip'),
(23, '2016-04-25', '0322106', 'J.5/10', '3 each', 'Accomodation', '3159', '', 'Perbaikan lampu mati & Ac dikamar tidak dingin'),
(24, '2016-04-24', '018514', 'Jupiter', '4 each', 'Pak Halik', '5714', '', 'Perbaikan Ac ruang server panas, Ac ruang admin muster area king & Ac ruang oscar 1 lantai 2- jupite'),
(25, '2016-04-28', '0322147', 'A.9/6', '2 each', 'Accomodation', '3159', '', 'Perbaikan Ac di kamar tidak dingin'),
(26, '2016-04-28', '0322149', 'A.23/2', '2 each', 'Accomodation', '3159', '', 'Penggantian baterai remote Ac di kamar sudah soak'),
(27, '2016-04-28', '0322137', 'J.21', '2 each', 'Accomodation', '3159', '', 'Perbaikan Ac di ruang makan mess hall'),
(28, '2016-05-03', 'A326576', 'P.10', '5 each', 'AWF', '5021', '', 'Disconnet & Reconnect Ac, terkait pekerjaan perbaikan/penggantian dinding jabuk, Penggantian lampu ('),
(29, '2016-05-02', '0322158', 'J.16', '3 each', 'Accomodation', '3159', '', 'Perbaikan lampu di lorong barak mati'),
(30, '2016-05-02', '0322153', 'A.27', '3 each', 'Accomodation', '3159', '', 'Perbaikan lampu chillen di belakang mess hall tidak nyala'),
(31, '2016-05-07', '0322166', 'J.2', '3 each', 'Accomodation', '3159', '', 'Perbaikan lampu di lorong & teras luar barak mati'),
(32, '2016-05-09', '0322167', 'J.17/5', '1 each', 'Accomodation', '3159', '', 'Perbaikan Ac di kamar rusak'),
(33, '2016-05-09', '0322170', 'A.5/8', '2 each', 'Accomodation', '3159', '', 'Perbaikan lampu di kamar mati'),
(34, '2016-05-09', '0322174', 'A.13/10', '2 each', 'Accomodation', '3159', '', 'Perbaikan lampu di kamar mati'),
(35, '2016-05-09', '0322173', 'A.19', '2 each', 'Accomodation', '3159', '', 'Perbaikan lampu di teras barak mati'),
(36, '2016-05-13', '0322198', 'A.25', '3 each', 'Accomodation', '3159', '', 'Perbaikan lampu di ruang tamu barak mati'),
(37, '2016-05-13', '0322199', 'A.25', '3 each', 'Accomodation', '3159', '', 'Perbaikan lampu lorong barak mati'),
(39, '2016-05-13', '0322196', 'A.26', '3 each', 'Accomodation', '3159', '', 'Perbaikan lampu di barak mati'),
(40, '2016-05-13', '0322200', 'A.22', '3 each', 'Accomodation', '3159', '', 'Perbaikan lampu di teras barak mati'),
(41, '2016-05-14', '0322261', 'J.11/12', '3 each', 'Accomodation', '3159', '', 'Perbaikan Ac di kamar rusak'),
(42, '2016-05-16', '0322271', 'A.17', '2 each', 'Accomodation', '3159', '', 'Pengecekan/perbaikan lampu di barak mati sebagian'),
(43, '2016-05-16', '0322268', 'A.1', '3 each', 'Accomodation', '3159', '', 'Perbaikan lampu teras barak mati'),
(44, '2016-05-16', '0322274', 'A.26/1', '1 each', 'Accomodation', '3159', '', 'Perbaikan Ac di kamar tidak bisa on'),
(45, '2016-05-16', '0322270', 'A.10/10', '3 each', 'Accomodation', '3159', '', 'Perbaikan Ac di kamar rusak '),
(46, '2016-05-16', '0322267', 'A.21', '3 each', 'Accomodation', '3159', '', 'Perbaikan lampu di kamar mandi mati'),
(47, '2016-05-17', '0322278', 'A.26/5', '2 each', 'Accomodation', '3159', '', 'Perbaikan Ac di kamar berisik'),
(48, '2016-05-17', '0322276', 'A.13', '1 each', 'Accomodation', '3159', '', 'Perbaikan lampu di kamar mandi barak mati'),
(49, '2016-05-17', '0322279', 'A.11', '2 each', 'Accomodation', '3159', '', 'Perbaikan lampu di kamar mandi mati'),
(50, '2016-05-18', '0322287', 'A.17', '2 each', 'Accomodation', '3159', '', 'Perbaikan remote tv ruang tamu barak rusak'),
(51, '2016-05-18', '0322280', 'A.20', '1 each', 'Accomodation', '3159', '', 'Perbaikan lampu emergency di barak mati'),
(52, '2016-05-30', 'A42576', 'P.10', '2 each', 'AWF', '5021', '', 'Penggantian lampu di ruang pak kowari , Perbaikan Ac Arsip Room(Ac-04)'),
(53, '2016-06-03', '0322674', 'Pos Security Royal', '2 each', 'Accomodation', '3159', '', 'Tagging outlet di pos security royah'),
(54, '2016-06-06', 'A48827', 'BP.35', '2 each', 'Accomodation', '3159', '', 'Perbaikan Ac ruang tengah tidak dingin dan bocor , Perbaikan Ac di kamar anak bocor, Perbaikan Ac ka'),
(55, '2016-06-11', '029799', 'CCPO', '1 each', 'Tri Budi', '4871', '', 'Perbaikan Ac bocor di abulution CPPO (Ruang Meeting)'),
(56, '2016-06-13', '021998', 'PT.KPC', '4 each', 'Mukhrizal', '1560', '', 'Retagging cable extention 3 each at murung'),
(57, '2016-06-13', '029800', 'PT.KPC', '6 each', 'Tikto', '4871', '', 'Perbaikan kulkas di ruang makan crew CPPO kulkas tidak dingin'),
(58, '2016-06-16', 'A48929', 'BP.17', '1 each', 'Accomodation', '3159', '', 'Perbaikan mesin cuci'),
(59, '2016-06-17', 'A48945', 'BP.16', '3 each', 'Accomodation', '3159', '', 'Renewal tagging'),
(60, '2016-06-17', 'A48946', 'BP.23', '3 each', 'Accomodation', '3159', '', 'Renewal tagging Ac'),
(61, '2016-06-20', '024592', 'C.3', '6 each', 'Miranti Nanda H', '4868', '', 'Retagging listrik dan perbaikan Ac cpp lab c.3'),
(62, '2016-06-20', 'A181879', 'S.12', '3 each', 'YSB', '1782', '', 'Mohon agar di lakukan tagging listrik & outlet di YSB S.12'),
(63, '2016-06-24', '0323578', 'Laundry Prima', '1 each', 'Accomodation', '3159', '', 'Tagging setrika, mesin poles, mesin vacum $ kabel expinentn di laundry prima'),
(64, '2016-06-23', 'A49020', 'BP.74', '5 each', 'Accomodation', '3159', '', 'Pemasangan outlet'),
(65, '2016-06-23', 'A49026', 'BP.47', '1 each', 'Accomodation', '3159', '', 'Penggantian lampu di ruang tamu 1 each'),
(66, '2016-06-23', 'A49022', 'BP.50', '1 each', 'Accomodation', '3159', '', 'Disconnect dan Reconnect Ac ruang tamu karena dindingnya harus diganti akibat keropos/jabuk'),
(67, '2016-06-23', 'A326597', 'T.5', '1 each', 'Sutarno', '3159', '', 'Tolong dilakukan tagging ulang semua peralatan listrik yang ada di T.5 workshop kantor golf T.Bara'),
(68, '2016-06-28', '00051251', 'PT.KPC', '3 each', 'Nining Syarifah', '1502', '', 'Penggantian lampu TL pendek di toilet, Penggantian lampu TL di meeting room dan penggantian 1 lampu '),
(69, '2016-06-28', '024593', 'C.3', '3 each', 'Miranti Nanda', '4868', '', 'Perbaikan fan blower dan penggantian lampu'),
(70, '2016-06-30', '0322229', 'Pool Bar', '1 each', 'Accomodation', '3159', '', 'Renewal tagging freezer dan ice mixer'),
(71, '2016-06-30', '0322226', 'T.24', '1 each', 'Accomodation', '3159', '', 'Renewal tagging vacum cleaner 2 each di masjid tanjung bara'),
(72, '2016-06-30', '0322230', 'T.01', '1 each', 'Accomodation', '3159', '', 'Renewal tagging blender dan vacum cleaner di coffe shop'),
(73, '2016-06-30', '0322227', 'T.22', '1 each', 'Accomodation', '3159', '', 'Renewal tagging mixer & blender '),
(74, '2016-07-12', 'A59660', 'M.2', '3 each', 'Dewi K', '1535', '', 'Mohon di ganti lampu yang mati di m2 Geolopgy Ukuran Panjang = 2 each'),
(75, '2016-07-13', '030499', 'KPC', '1 each', 'CPP C.8', '1873', '', 'Tagging outlet kipas angin at security post cpp'),
(76, '2016-07-13', '030500', 'KPC', '4 each', 'Wardani', '1876', '', 'Mohon di lakukan penggantian lampu di ruang manager coal tech(c8 office) 2 eaach'),
(77, '2016-07-15', '0050019', 'KPC', '2 each', 'D. Haro', '4871', '', 'Perbaikan Ac di ruang makan cppo(ablution/Ac mati)'),
(78, '2016-09-27', '0322130', 'J.21', '10 each', 'Accomodation', '3159', '', 'Perbaikan mixer di ruang bakkery prima rusak'),
(79, '2016-02-15', 'A53143', 'PT.KPC', '3 each', 'Accomodation', '3159', '', 'Perbaikan lampu emergency di barak-barak'),
(80, '2016-05-28', '0322208', 'BP.67', '3 each', 'Accomodation', '3159', '', 'Penggantian lampu di lemari dinding dapur dan lampu di ruang makan mati'),
(81, '2016-06-25', 'A49040', 'BP.07', '4 each', 'Accomodation', '3159', '', 'Perbaikan lampu mati'),
(82, '2016-06-16', 'A48925', 'BP.69', '1 each', 'Accomodation', '3159', '', 'Perbaikan outlet power di ruang cuci tidak berfungsi dan Penggantian lampu mati depan toilet'),
(83, '2016-06-16', 'A48935', 'BP.81', '1 each', 'Accomodation', '3159', '', 'Perbaikan Ac ruang makan panas'),
(84, '2016-06-20', 'A48965', 'BP.09', '2 each', 'Accomodation', '3159', '', 'Pemasangan water heater \r\n'),
(85, '2016-06-20', 'A48967', 'BP.32', '1 each', 'Accomodation', '3159', '', 'Perbaikan Ac kamar tidur no power'),
(86, '2016-06-23', 'A49010', 'BP.06', '2 each', 'Accomodation', '3159', '', 'Perbaikan CB#06 konslet karena ada kebocoran pipa dalam dinding'),
(87, '2016-06-30', '0322237', 'BP.36', '1 each', 'Accomodation', '3159', '', 'Perbaikan Ac bocor'),
(88, '2016-06-27', 'A49046', 'BP.51', '2 each', 'Accomodation', '3159', '', 'Perbaikan Ac mati di kamar utama dan kamar tengah (kerusakan terjadi setelah Ac di service) dan peng'),
(89, '2016-06-16', 'A48934', 'BP.65', '2 each', 'Accomodation', '3159', '', 'Penggantian lampu ruang makan mati 2 each dan lampu corong 1 each , Perbaikan Ac ruang tamu panas da'),
(90, '2016-06-07', '0322688', 'A.2/4', '18 each', 'Accomodation', '3159', '', 'Perbaikan Ac di kamar barak tidak dingin'),
(91, '2016-06-07', '0322692', 'A.7', '3 each', 'Accomodation', '3159', '', 'Perbaikan lampu emergency di barak mati '),
(92, '2016-06-07', 'A48844', 'BP.10', '2 each', 'Accomodation', '3103', '', 'Perbaikan Ac ruang tamu bocor'),
(93, '2016-06-21', 'A48970', 'Duplex 80/2', '3 each', 'Accomodation', '3159', '', 'Perbaikan wallfan mati'),
(94, '2016-06-21', 'A48977', 'BP.55', '3 each', 'Accomodation', '3159', '', 'Penggantian 1 panel kompor kanan depan (tidak berfungsi) , Perbaikan exausfan di area dapur tidak be'),
(95, '2016-06-24', '0323580', 'Laundry Rayah ', '2 each', 'Accomodation', '3159', '', 'Tagging peralatan listrik di area laundry rayah (wisma rayah)'),
(96, '2016-06-18', 'A48952', 'BP.74', '2 each', 'Accomodation', '3159', '', 'Perbaikan Ac bocor dan panas'),
(97, '2016-06-24', '0323581', 'J.21', '10 each', 'Accomodation', '3159', '', 'Tagging outlet di mess hall prima'),
(98, '2016-06-26', 'A49031', 'BP.06', '1 each', 'Accomodation', '3159', '', 'Perbaikan Ac di kamar anak (besar) bocor'),
(99, '2016-06-27', 'A49041', 'BP.74', '2 each', 'Accomodation', '3159', '', 'Pasangan lampu mati'),
(100, '2016-06-27', 'A49049', 'BP.18', '1 each', 'Accomodation', '3159', '', 'Perbaikan dispenser bocor'),
(101, '2016-06-28', '0322215', 'BP.81', '1 each', 'Accomodation', '3159', '', 'Penggantian lampu kamar mandi mati 2 each'),
(102, '2016-06-30', '0322235', 'BP.48', '1 each', 'Accomodation', '3159', '', 'Penggantian lampu sorot belakang mati dan Perbaikan Ac dapur bocor air'),
(103, '2016-06-30', '0322220', 'BP.66', '3 each', 'Accomodation', '3159', '', 'Perbaikan Ac tidak dingin , Table lamp mati 1 each, Penggantian lampu neon bulat di kamar mandi atas'),
(104, '2016-07-01', '0322248', 'Duplex 71/2', '1 each', 'Accomodation', '3159', '', 'Perbaikan Ac kamar utama tidak dingin'),
(105, '2016-07-01', '0322244', 'BP.70', '1 each', 'Accomodation', '3159', '', 'Perbaikan Ac bocor di kamar anak'),
(106, '2016-01-15', '028191', 'M.3', '2 each', 'Yanti', '1683', '', 'Electric Maintenance Feb-June 2016'),
(107, '2016-06-12', '008355', 'C.8', '33 each', 'CPP', '1873', '', 'Perbaikan dan penggantian kompresor Ac Central Lokasi Office'),
(108, '2016-05-06', 'A48627', 'BP.30', '1 each', 'Accomodation', '3159', '', 'Perbaikan lampu tempat penyimpanan barang di dapur mati'),
(109, '2016-02-26', '140695', 'PT.KPC', '8 Each', 'Supriatno Ginting', '5910/5911', '', 'Install pompa air & instalasi pipa air penncucian bus di S24'),
(110, '2016-03-15', 'A58151', 'PT.KPC', '2 each', 'Febriyan', '1460', '', 'Perbaikan Ac bocor di ruang Laboraturium di area swarga bara'),
(111, '2016-02-25', 'A58255', 'PT.KPC', '2 each', 'Febriana', '1460', '', 'Perbaikan Ac yang tidak dingin di ruang server & Ac bocor di klinik swarga bara'),
(112, '2016-03-11', 'A58256', 'PT.KPC', '1 each', 'Febriana', '1460', '', 'Pengecekan dan perbaikan untuk Ac di klinik tanjung bara , Ac di ruang emergency suhunya tidak terla'),
(113, '2016-02-03', '026446', 'PT.KPC', '8 Each', 'Febriana', '1460', '', 'Perbaikan dan penggantian lampu ruang emergency, Perbaikan Ac bocor di leb, lampu mati di lorong dep'),
(114, '2016-01-18', '026444', 'PT.KPC', '2 each', 'Febriana', '1460', '', 'Perbaikan water hiter di klinik SOS.Swarga Bara'),
(115, '2016-03-28', 'A236777', 'S.11', '1 each', 'Hj. Dewi Kasim', '5850', '', 'Perbaikan Ac di ruang pak dano menetes'),
(116, '2016-04-14', 'A48426', 'PT.KPC', '1 each', 'Warda S', '1773', '', 'Perbaikan Ac bocor air di Porta Camp Room'),
(117, '2016-01-13', '026439', 'PT.KPC', '1 each', 'Febriana', '1460', '', 'Perbaikan Ac di ruang audiometri, lampu mati di ruang mccf, dan Ac di admin mati'),
(118, '2016-03-24', 'A50187', 'T.62', '3 each', 'Accomodation', '3159', '', 'Perbaikan Ac di ruang tamu trip'),
(119, '2016-04-14', 'A45729', 'M.6', '20 each', 'Henny W', '1740', '', 'Pemindahan Ac di D12 ke M6 2 each untuk di pasang di ruang RES '),
(120, '2016-04-13', '0023573', 'PT.KPC', '4 each', 'Ani Suryani', '5454', '', 'Perbaikan Ac di ruang Supv. Dril&Blast Prima Square'),
(121, '2016-02-15', '024165', 'S.11', '10 each', 'Hj. Dewi Kasim', '5850', '', 'Perbaikan Ac, guest relation room dan meeting rooom '),
(122, '2016-04-12', 'A229935', 'Bintang', '6 each', 'Indriyani', '5508', '', 'Perbaikan pompa toilet perempuan, Perbaikan tempat wudhu, Perbaikan pompa kecil tempat air minum'),
(123, '2016-02-29', 'A235608', 'S.11', '6 each', 'HJ.Dewi Kasim', '5850', '', 'Perbaikan Ac di ruang guest (staff) , Bullding panas dan Ac di ruang sekretaris manager ER'),
(124, '2016-03-30', '015166', 'Murung', '17 each', 'Siswanto', '4577', '', 'Perbaikan Ac di musholla murung '),
(125, '2016-04-14', '022135', 'M.2', '6 each', 'Nining Syarifah', '1502', '', 'Perbaikan tagging socket listrik yang ada di ruang meeting bengalon dan melawan gedung M2+Lobby'),
(126, '2016-04-04', 'A54415', 'Laundry Rayah', '1 each', 'Accomodation', '3159', '', 'Perbaikan mesin cuci No.3 di laundry rayah tidak ada power'),
(127, '2016-04-04', 'A54412', 'J.21', '5 each', 'Accomodation', '3159', '', 'Perbaikan Ac di ruang mess hall rusak 2 unit'),
(128, '2016-03-31', 'A54410', 'A.3', '3 each', 'Accomodation', '3159', '', 'Perbaikan Ac di ruang tamu barak sering mati'),
(129, '2016-02-22', 'A53192', 'A.27', '16 each', 'Accomodation', '3159', '', 'Perbaikan alat dapur mess hall rayah rusak (Rice Cooker & Grill Konslet)'),
(130, '2016-02-01', 'A53058', 'A.27', '7 each', 'Accomodation', '3159', '', 'Perbaikan frezer di belakang mess hall tidak dingin'),
(131, '2016-03-31', 'A54406', 'A.14', '2 each', 'Accomodation', '3159', '', 'Perbaikan kipas angin di ruang tamu barak berisik'),
(132, '2016-03-24', 'A54359', 'A.26 & A.26/9', '1 each', 'Accomodation', '3159', '', 'Perbaikan Ac di ruang tamu barak banjir dan Perbaikan remote Ac tidak berfungsi di A.26/9'),
(133, '2016-03-31', 'A54402', 'A.27', '11 each', 'Accomodation', '3159', '', 'Penambahan outlet di samping mess hall rayah'),
(134, '2016-04-06', 'A54452', 'J.6', '5 each', 'Accomodation', '3159', '', 'Perbaikan dispenser di barak tidak dingin'),
(135, '2016-03-19', 'A54277', 'A.2/4', '18 each', 'Accomodation', '3159', '', 'Perbaikan Ac di kamar konslet'),
(136, '2016-03-29', 'A54387', 'J.21', '5 each', 'Accomodation', '3159', '', 'Perbaikan handle pintu freezer di mess hall prima'),
(137, '2016-04-04', 'A54423', 'A.12/2', '10 each', 'Accomodation', '3159', '', 'Perbaikan Ac di kamar bocor'),
(138, '2016-04-12', 'A54514', 'J.11', '3 each', 'Accomodation', '3159', '', 'Perbaikan lampu di kamar mandi barak mati'),
(139, '2016-04-13', 'A54536', 'A.9/9', '1 each', 'Accomodation', '3159', '', 'Perbaikan Ac di kamar banjir'),
(140, '2016-04-09', 'A54494', 'A.14/9', '3 each', 'Accomodation', '3159', '', 'Perbaikan Ac di kamar panas'),
(141, '2016-04-09', 'A54495', 'J.21', '3 each', 'Accomodation', '3159', '', 'Perbaikan di ruang bakerry panas'),
(142, '2016-04-12', 'A54517', 'A.4', '2 each', 'Accomodation', '3159', '', 'Perbaikan Ac di ruang tamu barak bocor'),
(143, '2016-04-11', 'A54513', 'J.11/11', '2 each', 'Accomodation', '3159', '', 'Perbaikan Ac di kamar tidak dingin'),
(144, '2016-04-13', 'A54544', 'J.17/5', '1 each', 'Accomodation', '3159', '', 'Perbaikan Ac di kamar berisik'),
(145, '2016-04-13', 'A54530', 'A.13/6', '2 each', 'Accomodation', '3159', '', 'Perbaikan lampu di kamar barak mati'),
(146, '2016-04-12', 'A54516', 'A.5', '3 each', 'Accomodation', '3159', '', 'Perbaikan lampu kamar mandi barak kedap-kedip'),
(147, '2016-04-14', 'A54545', 'J.10', '3 each', 'Accomodation', '3159', '', 'Perbaikan lampu di ruang tamu barak '),
(148, '2016-04-13', 'A54532', 'A.6', '3 each', 'Accomodation', '3159', '', 'Perbaikan lampu di ruang tamu barak mati'),
(149, '2016-04-13', 'A54531', 'A.5', '1 each', 'Accomodation', '3159', '', 'Perbaikan lampu di kamar mandi mati'),
(150, '2016-04-13', 'A54533', 'A.9', '3 each', 'Accomodation', '3159', '', 'Perbaikan lampu di lorong barak mati'),
(151, '2016-04-13', 'A54534', 'Laundry Rayah', '4 each', 'Accomodation', '3159', '', 'Perbaikan lampu di ruang laundry mati satu jalur'),
(152, '2016-04-08', 'A54490', 'A.21', '3 each', 'Accomodation', '3159', '', 'Perbaikan lampu di lorong barak mati'),
(153, '2016-04-08', 'A54491', 'A.22', '2 each', 'Accomodation', '3159', '', 'Perbaikan lampu toilet kamar mandi barak mati'),
(154, '2016-03-30', 'A54396', 'Laundry Rayah', '2 each', 'Accomodation', '3159', '', 'Tagging peralatan listrik di laundry rayah (Setrika tangan, Extention kabel, Mesin poles & Mesin vac'),
(155, '2016-03-08', 'A54239', 'J.17/3', '1 each', 'Accomodation', '3159', '', 'Disconnect/reconnect instalasi & peralatan listrik di kamar'),
(156, '2016-04-18', 'A49990', 'T.44/12', '2 each', 'Accomodation', '3159', '', 'Penggantian lampu kamar mandi'),
(157, '2016-04-26', 'A50256', 'BP.63', '1 each', 'Accomodation', '3159', '', 'Perbaikan Ac teras tidak dingin dan Perbaikan kompor meletup'),
(158, '2016-05-09', 'A48558', 'BP.46', '2 each', 'Accomodation', '3159', '', 'Perbaikan Ac kamar bocor dan Ac dapur tidak dingin'),
(159, '2016-04-25', 'A50249', 'T.92', '3 each', 'Accomodation', '3159', '', 'Perbaikan Ac ruang tamu kurang dingin dan Penggantian baterai remote Ac (2 remote)'),
(160, '2016-04-25', 'A50238', 'T.78/2', '2 each', 'Accomodation', '3159', '', 'Penggantian lampu kamar mati 2 each'),
(161, '2016-03-16', 'A50116', 'T.31', '4 each', 'Accomodation', '3159', '', 'Tagging peralatan listrik dan portable'),
(162, '2016-03-16', 'A50115', 'T.32', '4 each', 'Accomodation', '3159', '', 'Tagging outlet dan portable'),
(163, '2016-03-22', 'A49233', 'BP.02', '3 each', 'Accomodation', '3159', '', 'Tagging outlet dan portable ( closed 18-08-2015 )'),
(164, '2016-03-22', 'A49792', 'T.33 & T.38/1', '5 each', 'Accomodation', '3159', '', 'Tagging outlet dan porteble ( closed 22-10-2015 )'),
(165, '2016-03-22', 'A49765', 'T.54 & T.01', '3 each', 'Accomodation', '3159', '', 'Tagging outlet dan portable ( closed 03-03-2015 )'),
(166, '2016-03-22', 'A49799', 'T.76 Duplex & T.78 Duplex', '3 each', 'Accomodation', '3159', '', 'Tagging outlet dan portable ( closed 05-11-2015 )'),
(167, '2016-03-10', 'A54963', 'BP.41', '3 each', 'Accomodation', '3159', '', 'Tagging outlet dan portable'),
(168, '2016-03-22', 'A49789', 'T.52 & T.51', '4 each', 'Accomodation', '3159', '', 'Tagging outlet dan portable ( closed 21-10-2015 )'),
(169, '2016-04-22', 'A50232', 'Store TB', '1 each', 'Accomodation', '3159', '', 'Perbaikan Ac store bocor '),
(170, '2016-03-22', 'A49222', 'T.30 & T.79/1', '4 each', 'Accomodation', '3159', '', 'Tagging outlet dan portable ( closed 07-01-2015 )'),
(171, '2016-03-10', 'A54968', 'T.7', '3 each', 'Accomodation', '3159', '', 'Tagging outlet dan portable '),
(172, '2016-03-10', 'A54968', 'T.13', '3 each', 'Accomodation', '3159', '', 'Tagging outlet dan portable '),
(173, '2016-03-16', 'A50119', 'T.25', '3 each', 'Accomodation', '3159', '', 'Tagging peralatan listrik dan portable di laundry TB'),
(174, '2016-03-10', 'A54957', 'T.83', '3 each', 'Accomodation', '3159', '', 'Tagging outlet dan portable'),
(175, '2016-03-10', 'A54966', 'T.116', '3 each', 'Accomodation', '3159', '', 'Tagging outlet dan portable'),
(176, '2016-03-10', 'A54962', 'BP.29', '3 each', 'Accomodation', '3159', '', 'Tagging outlet dan portable'),
(177, '2016-03-22', 'A49766', 'T.58', '3 each', 'Accomodation', '3159', '', 'Tagging outlet dan portable ( closed 03-03-2015 )'),
(178, '2016-04-20', 'A50210', 'T.41/3', '1 each', 'Accomodation', '3159', '', 'Penggantian remote Ac '),
(179, '2016-04-20', 'A50211', 'T.34/1', '3 each', 'Accomodation', '3159', '', 'Perbaikan Ac ruang tamu tidak dingin'),
(180, '2016-12-21', 'A330336', 'Bintang', '11 each', 'Indriyani', '5508', '', 'Perbaikan Ac di ruang production ( panar ) dan Perbaikan otomatisnya pompa di toilet laki-laki'),
(181, '2016-04-04', 'A49960', 'TB Club', '8 Each', 'Accomodation', '3159', '', 'Perbaikan lampu-lampu dan pemasangan lampu penerang'),
(182, '2016-02-03', '026447', 'PT.KPC', '8 Each', 'Febriana', '1460', '', 'Perbaikan Ac yang tidak dingin di ruang konsultasi 2 dan Perbaikan Ac bocor di nurse station & ruang'),
(183, '2016-04-14', 'A49952', 'T.95', '3 each', 'Accomodation', '3159', '', 'Perbaikan Ac depan/teras panas ( timer muncul terus ) , Perbaikan Ac kamar utama, kamar 2 & 3 perlu '),
(184, '2016-04-21', 'A50222', 'T.32/2', '2 each', 'Accomodation', '3159', '', 'Perbaikan Ac ruang tamu bocor'),
(185, '2016-04-19', 'A50201', 'T.41/10', '1 each', 'Accomodation', '3159', '', 'Perbaikan Ac bocor '),
(186, '2016-03-10', 'A54965', 'T.79', '3 each', 'Accomodation', '3159', '', 'Tagging outlet dan portable'),
(187, '2016-04-19', 'A50000', 'Store TB', '3 each', 'Accomodation', '3159', '', 'Pengecekan lampu mati tiba-tiba ( 5 each )'),
(188, '2016-03-23', '0023555', 'S.3', '2 each', 'Helpi', '4514', '', 'Mohon di cek Ac central di MS Surya '),
(189, '2016-01-19', '026445', 'PT.KPC', '5 each', 'Febriana', '1460', '', 'Perbaikan Ac yang mengeluarkan suara berisik & tak dingin di ruang EMA & Ruang konsultasi , Ac ruang'),
(190, '2016-04-06', 'A54453', 'Laundry Prima', '2 each', 'Accomodation', '3159', '', 'Pengadaan Extention cable 20 meter & Perbaikan mesin cuci di laundry rusak '),
(191, '2016-03-30', 'A41657', 'M.2', '8 Each', 'Aryuni', '1369', '', 'Pemasangan lampu di sekitar area dispatch bagian luar'),
(192, '2016-05-09', 'A326583', 'PT.KPC', '2 each', 'Sutarno', '4987', '', 'Tolong dapat di ganti power outlet charger battrey golf cart yang terbakar'),
(193, '2016-05-13', 'A48613', 'BP.68', '1 each', 'Accomodation', '3159', '', 'Perbaikan water heater airnya tidak panas dan water dispenser bocor'),
(194, '2016-04-19', 'A49998', 'T.32/4', '1 each', 'Accomodation', '3159', '', 'Penggantian baterai remote Ac '),
(195, '2016-05-03', 'A50294', 'BP.51', '1 each', 'Accomodation', '3159', '', 'Perbaikan Ac kamar rusak '),
(196, '2016-03-07', 'A55434', 'T.45/1 & T.45/5', '18 each', 'Accomodation', '3159', '', 'Perbaikan Ac tidak dingin dan penggantian lampu ruang tamu mati'),
(197, '2016-04-14', 'A49958', 'T.56/1', '3 each', 'Accomodation', '3159', '', 'Perbaikan Ac bocor dan tidak dingin'),
(198, '2016-04-15', 'A49968', 'T.54', '2 each', 'Accomodation', '3159', '', 'Penggantian lampu teras mati 1 each'),
(199, '2016-03-16', 'A50120', 'T.44', '3 each', 'Accomodation', '3159', '', 'Tagging peralatan listrik dan portable'),
(200, '2016-04-18', 'A49984', 'T.44/2', '1 each', 'Accomodation', '3159', '', 'Perbaikan Ac kamar bocor'),
(201, '2016-05-16', 'A48629', 'BP.47', '4 each', 'Accomodation', '3159', '', 'Penggantian lampu kamar mandi atas ( TL panjang ) dan lampu kamar mandi barak ( TL Melingkar )'),
(202, '2016-04-18', 'A49986', 'Renewal TB', '3 each', 'Accomodation', '3159', '', 'Perbaikan lampu mau jatuh'),
(203, '2016-04-18', 'A49988', 'T.60/5', '4 each', 'Accomodation', '3159', '', 'Penggantian lampu TL mati dan Perbaikan remote Ac rusak '),
(204, '2016-05-16', 'A48626', 'BP.32', '1 each', 'Accomodation', '3159', '', 'Perbaikan Ac ruang tamu bocor'),
(205, '2016-04-22', 'A50233', 'T.96', '2 each', 'Accomodation', '3159', '', 'Penggantian lampu ruang laundry'),
(206, '2016-05-16', 'A48624', 'BP.66', '1 each', 'Accomodation', '3159', '', 'Penggantian lampu dapur mati '),
(207, '2016-04-14', 'A49955', 'T.01 (Coffe Shop)', '3 each', 'Accomodation', '3159', '', 'Perbaikan rice cooker rusak dan penggantian lampu toilet wanita mati'),
(208, '2016-05-18', 'A48650', 'BP.46', '1 each', 'Accomodation', '3159', '', 'Perbaikan Ac depur tidak dingin'),
(209, '2016-04-19', 'A50202', 'T.60/2', '1 each', 'Accomodation', '3159', '', 'Perbaikan Ac mati/no power'),
(210, '2016-02-10', 'A55160', 'T.01', '1 each', 'Accomodation', '3159', '', 'Clean up Ac ruang fitness'),
(211, '2016-05-17', 'A48649', 'BP.42', '1 each', 'Accomodation', '3159', '', 'Perbaikan pipa Ac ruang tamu bocor '),
(212, '2016-03-04', 'A55421', 'T.58/5', '18 each', 'Accomodation', '3159', '', 'Perbaiakan Ac mati total'),
(213, '2016-03-17', 'A50128', 'T.22', '4 each', 'Accomodation', '3159', '', 'Perbaikan Ac ruang bakery panas dan perbaikan engsel pintu chiler'),
(214, '2016-02-04', 'A55109', 'T.22', '9 each', 'Accomodation', '3159', '', 'Pasang lampu untuk penerangan di area penggantian (Refill) gas LPO , penggantian lampu mati di atas '),
(215, '2016-02-29', 'A55347', 'T.41/4', '1 each', 'Accomodation', '3159', '', 'Perbaikan Ac no power Disconnect/Reconnect Ac'),
(216, '2016-05-16', 'A48635', 'BP.69', '1 each', 'Accomodation', '3159', '', 'Penggantian lampu bulat depan toilet'),
(217, '2016-05-09', 'A48561', 'BP.50', '2 each', 'Accomodation', '3159', '', 'Perbaikan lampu mati di kamar bawah '),
(218, '2016-05-16', 'A48637', 'BP.07', '2 each', 'Accomodation', '3159', '', 'Penggantian lampu sorot luar sisi kiri dan kanan rumah mati dan penggantian lampu putih di teras sam'),
(219, '2016-04-07', 'A49907', 'T.01', '1 each', 'Accomodation', '3159', '', 'Penggantian lampu di Coffe Shope mati 3 each di ruang makan'),
(220, '2016-03-18', 'A50139', 'T.76/4', '1 each', 'Accomodation', '3159', '', 'Perbaikan kulkas tidak dingin dan perbaikan switch lampu'),
(221, '2016-04-08', 'A49919', 'T.33/3', '1 each', 'Accomodation', '3159', '', 'Perbaikan Ac tidak dingin'),
(222, '2016-04-11', 'A49930', 'T.51/1', '1 each', 'Accomodation', '3159', '', 'Perbaikan Ac no power '),
(223, '2016-04-07', 'A49911', 'T.42/12', '3 each', 'Accomodation', '3159', '', 'Penggantian lampu kamar mandi mati dan perbaikan outlet power dekat tempat tidur'),
(224, '2016-03-17', 'A50129', 'T.22', '4 each', 'Accomodation', '3159', '', 'Pembersihan insert killer kotor dan lampunya mati dan perbaikan bain marrle tidak panas akan tetapi '),
(225, '2016-03-29', 'A49819', 'T.25', '3 each', 'Accomodation', '3159', '', 'Perbaikan mesin cuci bergetar'),
(226, '2016-02-11', 'A55163', 'T.25', '10 each', 'Accomodation', '3159', '', 'Perbaikan mesin cuci no.1 getarnya sangat kuat sehingga bracket pada alas mesin cuci lepas di laundr'),
(227, '2016-03-30', 'A49830', 'T.22', '1 each', 'Accomodation', '3159', '', 'Clean up exhaust fan , fan yang ada di dapur, ruang bakery dan toilet '),
(228, '2016-03-28', 'A49810', 'T.92/B', '1 each', 'Accomodation', '3159', '', 'Ganti baterai remote Ac'),
(229, '2016-03-29', 'A49827', 'T.21', '1 each', 'Accomodation', '3159', '', 'Perbaikan Ac bocor di ruang HR LSS Office '),
(230, '2016-02-18', 'A55231', 'T.25', '1 each', 'Accomodation', '3159', '', 'Clean up exhaust fan gedung'),
(231, '2016-03-23', 'A50183', 'T.44/4', '1 each', 'Accomodation', '3159', '', 'Perbaikan Ac bocor'),
(232, '2016-02-18', 'A55230', 'T.45', '1 each', 'Accomodation', '3159', '', 'Clean up exhaust fan semua kamar mandi '),
(233, '2016-03-29', 'A49834', 'TB Club T.01', '1 each', 'Accomodation', '3159', '', 'Perbaikan lampu di TB Club'),
(234, '2016-03-16', 'A50114', 'T.22', '3 each', 'Accomodation', '3159', '', 'Perbaikan Bolling Pan rusak di Messhall TB'),
(235, '2016-02-17', 'A55213', 'T.22', '3 each', 'Accomodation', '3159', '', 'Perbaikan mesin grill tidak berfungsi '),
(236, '2016-03-18', 'A50138', 'T.78/3', '3 each', 'Accomodation', '3159', '', 'Peerbaikan kulkas tidak dingin '),
(237, '2016-03-28', 'A49805', 'T.45/1', '2 each', 'Accomodation', '3159', '', 'Perbaikan Ac berisik'),
(238, '2016-04-08', 'A49918', 'BP.52', '3 each', 'Accomodation', '3159', '', 'Tagging peralatan listrik dan outlet power'),
(239, '2016-03-22', 'A49776', 'T.62', '3 each', 'Accomodation', '3159', '', 'Tagging outlet dan portable ( closed 27-05-2015 )'),
(240, '2016-03-22', 'A49775', 'T.63', '3 each', 'Accomodation', '3159', '', 'Tagging outlet dan portable ( closed 08-05-2015 )'),
(241, '2016-03-22', 'A49770', 'T.40/1 & T.79/2', '3 each', 'Accomodation', '3159', '', 'Tagging outlet dan portable ( closed 13-03-2015 )'),
(242, '2016-03-22', 'A49231', 'BP.28', '4 each', 'Accomodation', '3159', '', 'Tagging outlet dan portable ( closed 13-02-2015 )'),
(243, '2016-01-22', '014574', 'P.2', '3 each', 'Muhammad Arif Rivai', '5814', '', 'Pemeriksaan/inspeksi dan tagging outlet dan peralatan listrik di gedung P2 tanjung bara'),
(244, '2016-04-14', '0021186', 'C.8', '27 each', 'Lisa ', '1842', '', 'Penggantian compressor Ac central 1 unit di C8 Baramutu Office'),
(245, '2016-04-26', 'A54558', 'Surya ', '3 each', 'Surya Triyono', '4543', '', 'Perbaikan Ac tidak dingin dan bocor air di ruang data control , ruang sekretaris & instal mika Ac di'),
(246, '2016-05-02', 'A41045', 'Murung', '2 each', 'Mukhrizal ', '1560', '', 'Perbaikan Ac ruang kelas murung '),
(247, '2016-05-19', 'A58190', 'Swarga Bara', '2 each', 'Febriana K', '1460', '', 'Perbaikan Ac ruang periksa dokter SOS swarga bara'),
(248, '2016-03-23', 'A50176', 'J.9', '3 each', 'Accomodation', '3159', '', 'Renewal Tagging '),
(249, '2016-03-23', 'A501S71', 'J.2', '3 each', 'Accomodation', '3159', '', 'Renewal Tagging'),
(250, '2016-03-23', 'A50173', 'J.6', '3 each', 'Accomodation', '3159', '', 'Renewal Tagging'),
(251, '2016-04-18', '0322073', 'J.11', '3 each', 'Accomodation', '3159', '', 'Tagging outlet di barak '),
(252, '2016-03-29', 'A50170', 'J.1', '3 each', 'Accomodation', '3159', '', 'Renewal tagging'),
(253, '2016-04-18', '0322072', 'J.10', '3 each', 'Accomodation', '3159', '', 'Tagging outlet di barak'),
(254, '2016-04-18', '0322074', 'J.16', '5 each', 'Accomodation', '3159', '', 'Tagging outlet dan penggantian CB No. 6,7,8 & 14 di barak rusak'),
(255, '2016-04-18', '0322075', 'J.17', '3 each', 'Accomodation', '3159', '', 'Tagging outlet di barak'),
(256, '2016-04-04', 'A54424', 'Laundry Prima', '1 each', 'Accomodation', '3159', '', 'Tagging setrika tangan 2 each '),
(257, '2016-03-30', '027833', 'T.5', '1 each', 'Sutarno', '5173', '', 'Tolong dapat dilakukan re-tagging peralatan listrik yang ada di bangunan T.5 Tanjung Bara'),
(258, '2016-04-22', '0322102', 'Fitness Prima & Reefal Prima', '3 each', 'Accomodation', '3159', '', 'Tagging outlet di ruang fitness & reefal prima'),
(259, '2016-03-22', 'A49219', 'Laundry Rayah', '6 each', 'Accomodation', '3159', '', 'Tagging outlet dan portable ( closed 12-12-2015 )'),
(260, '2016-03-23', 'A50175', 'J.8', '3 each', 'Accomodation', '3159', '', 'Renewal Tagging'),
(261, '2016-03-23', 'A50174', 'J.7', '3 each', 'Accomodation', '3159', '', 'Renewal Tagging'),
(262, '2016-03-23', 'A50172', 'J.5', '3 each', 'Accomodation', '3159', '', 'Renewal Tagging'),
(263, '2016-04-07', 'A54488', 'Musholla Rayah', '4 each', 'Accomodation', '3159', '', 'Perbaikan lampu emergency di musholla rayah rusak '),
(264, '2016-04-06', 'A54466', 'A.3', '3 each', 'Accomodation', '3159', '', 'Perbaikan lampu emergency di barak rusak'),
(265, '2016-05-13', '0322195', 'A.1/10', '2 each', 'Accomodation', '3159', '', 'Perbaikan remote Ac di kamar rusak '),
(266, '2016-05-13', '0322191', 'A.27', '4 each', 'Accomodation', '3159', '', 'Perbaikan lampu di tempat sampah belakang messhall rusak'),
(267, '2016-05-13', '0322197', 'A.26', '1 each', 'Accomodation', '3159', '', 'Perbaikan lampu sorot di smaping barak mati'),
(268, '2016-05-11', '0322185', 'A.7', '2 each', 'Accomodation', '3159', '', 'Perbaikan lampu di kamar mandi barak mati '),
(269, '2016-05-09', '0322171', 'Reefal Rayah', '2 each', 'Accomodation', '3159', '', 'Perbaikan lampu toilet wanita reefal rayah mati'),
(270, '2016-05-09', '0322175', 'A.13', '1 each', 'Accomodation', '3159', '', 'Perbaikan lampu di kamar mandi mati '),
(271, '2016-05-09', '0322172', 'A.6', '2 each', 'Accomodation', '3159', '', 'Perbaikan lampu di lorong kamar mandi barak kedap-kedip'),
(272, '2016-05-19', '0322289', 'J.1/4', '1 each', 'Accomodation', '3159', '', 'Perbaikan Ac di kamar tidak dingin'),
(273, '2016-05-09', '0322169', 'A.21', '2 each', 'Accomodation', '3159', '', 'Perbaikan lampu di kamar mandi barak mati'),
(274, '2016-05-19', '0322291', 'J.17', '2 each', 'Accomodation', '3159', '', 'Perbaikan lampu di kamar mandi barak mati'),
(275, '2016-04-20', '0322085', 'J.21', '2 each', 'Accomodation', '3159', '', 'Perbaikan lampu di dapur mess hall mati 4 each'),
(276, '2016-04-21', '0322094', 'A.12/9', '3 each', 'Accomodation', '3159', '', 'Perbaikan lampu di kamar mati'),
(277, '2016-04-21', '0322095', 'A.10', '3 each', 'Accomodation', '3159', '', 'Perbaikan lampu di gudang barak mati'),
(278, '2016-04-20', '0322081', 'A.12', '3 each', 'Accomodation', '3159', '', 'Perbaikan lampu di gudang kecil barak mati'),
(279, '2016-04-19', '0322077', 'J.01', '3 each', 'Accomodation', '3159', '', 'Perbaikan lampu di kamar mandi barak mati'),
(280, '2016-03-16', 'A54307', 'A.21/2', '1 each', 'Accomodation', '3159', '', 'Perbaikan Ac di kamar rusak '),
(281, '2016-03-29', 'A54391', 'A.18/3', '12 each', 'Accomodation', '3159', '', 'Perbaikan Ac di kamar panas'),
(282, '2016-04-22', 'A50234', 'T.43/1', '1 each', 'Accomodation', '3159', '', 'Perbaikan Ac bocor'),
(283, '2016-04-18', 'A49989', 'T.57/1', '1 each', 'Accomodation', '3159', '', 'Perbaikan Ac bocor'),
(284, '2016-05-11', 'A48599', 'Tv Room', '3 each', 'Accomodation', '3159', '', 'Perbaikan Ac mati hidup di TV room'),
(285, '2016-04-06', 'A54454', 'J.17/11', '4 each', 'Accomodation', '3159', '', 'Perbaikan lampu di kamar dan lorong barak mati'),
(286, '2016-04-06', 'A49897', 'T.56/2', '1 each', 'Accomodation', '3159', '', 'Perbaikan Ac bocor\r\n'),
(287, '2016-03-07', 'A54218', 'A.27', '4 each', 'Accomodation', '3159', '', 'Perbaikan Freezer No.2 di belakang mess hall tidak dingin'),
(288, '2016-04-05', 'A49856', 'T.43/8', '1 each', 'Accomodation', '3159', '', 'Perbaikan Ac bocor'),
(289, '2016-03-22', 'A49236', 'BP.43 & BP.45', '3 each', 'Accomodation', '3159', '', 'Tagging outlet dan portable ( closed 07-09-2015 )'),
(290, '2016-04-21', 'A50218', 'BP.51', '1 each', 'Accomodation', '3159', '', 'Penggantian lampu teras belakang mati ( lampu bulat )'),
(291, '2016-05-18', 'A48647', 'T.21', '2 each', 'Accomodation', '3159', '', 'Penggantian lampu di ruang site manager 155 mati'),
(292, '2016-05-13', 'A48614', 'T.80/1', '2 each', 'Accomodation', '3159', '', 'Penggantian lampu kamar mati '),
(293, '2016-05-12', 'A48608', 'T./30/1', '2 each', 'Accomodation', '3159', '', 'Perbaikan Ac ruang tamu bocor'),
(294, '2016-04-11', 'A49936', 'BP.46', '1 each', 'Accomodation', '3159', '', 'Perbaikan Ac kamar No.2 bocor'),
(295, '2016-02-09', 'A55151', 'T.44/9', '4 each', 'Accomodation', '3159', '', 'Perbaikan CB# 5 selalu trip'),
(296, '2016-04-05', 'A49883', 'T.22', '17 each', 'Accomodation', '3159', '', 'Perbaikan chiller sayur di messhall TB panas'),
(297, '2016-03-22', 'A49768', 'T.35', '3 each', 'Accomodation', '3159', '', 'Tagging outlet dan portable ( closed 07-03-2015 )'),
(298, '2016-03-22', 'A49787', 'T.56', '4 each', 'Accomodation', '3159', '', 'Tagging outlet dan portable ( closed 07-10-2015 )'),
(299, '2016-03-22', 'A49228', 'BP.03 & BP.05', '3 each', 'Accomodation', '3159', '', 'Tagging outlet dan portable ( closed 05-02-2015 )'),
(300, '2016-02-04', 'A229912', 'Bintang ', '9 each', 'Accomodation', '3159', '', 'Perbaikan dan penggantian lampu emergency di master area kantor bintang'),
(301, '2016-04-20', 'A50205', 'T.91', '5 each', 'Accomodation', '3159', '', 'Perbaikan Ac kamar utama bocor dan Ac ruang tamu tidak dingin dan perbaikan exhaust fan'),
(302, '2016-04-04', 'A54416', 'A.27', '6 each', 'Accomodation', '3159', '', 'Perbaikan mixer di ruanng bakery rusak '),
(303, '2016-03-28', 'A49803', 'T.88', '5 each', 'Accomodation', '3159', '', 'Perbaikan Ac kamar utama bermasalah pada timer , tidak bisa dingin serta sering mati sendiri'),
(304, '2016-05-17', '010115', 'S.8', '3 each', 'Dandy S', '1876', '', 'Perbaikan outlet trip di office C.8'),
(305, '2016-02-17', '160217', 'S.22', '3 each', 'CE DEPT', '3159', '', 'Penggantian bola lampu TL di toilet wanita 1 each dan pemindahan outlet  ( CB 32 )'),
(306, '2016-05-20', 'A324148', 'M.15', '1 each', 'ENV', '4364', '', 'Tagging peralatan monitoring debu'),
(307, '2016-03-22', 'A49751', 'BP.11', '3 each', 'Accomodation', '3159', '', 'Tagging outlet dan portable ( closed 07-10-2015 )'),
(308, '2016-03-21', 'A47835', 'S.22', '1 each', 'Community Emp', '5919', '', 'Tagging rutin extention di CE Dept S.22 2 cable extention dan 1 cable mesin laminating periode april'),
(309, '2016-03-22', 'A49764', 'T.50', '3 each', 'Accomodation', '3159', '', 'Tagging outlet dan portable ( closed 27-02-2015 )'),
(310, '2016-03-22', 'A49779', 'T.78 & T.80', '3 each', 'Accomodation', '3159', '', 'Tagging outlet dan portable ( closed 19-08-2015 )'),
(311, '2016-03-22', 'A49798', 'T.71/1', '3 each', 'Accomodation', '3159', '', 'Tagging outlet dan portable ( closed 04-11-2015 )'),
(312, '2016-03-22', 'A49774', 'T.36 & T.39/2', '3 each', 'Accomodation', '3159', '', 'Tagging outlet dan portable ( closed 02-04-2015 )'),
(313, '2016-03-22', 'A49767', 'T.34 & T.93', '3 each', 'Accomodation', '3159', '', 'Tagging outlet dan portable ( closed 09-03-2015 )'),
(314, '2016-05-03', 'A50290', 'T.93', '3 each', 'Accomodation', '3159', '', 'Penggantian lampu teras mati 2 each, penggantian lampu sorot luar 2 each, penggantian lampu kamar 2 '),
(315, '2016-05-23', 'A48691', 'T.22', '2 each', 'Accomodation', '3159', '', 'Perbaikan lampu di depan chiller mati'),
(316, '2016-05-04', 'A50298', 'T.25', '7 each', 'Accomodation', '3159', '', 'Perbaikan mesin pengering rusak dan mesin cuci bagian tengah tidak mau berputar'),
(317, '2016-07-12', 'A59660', 'M.2', '3 each', 'Dewi K', '1535', '', 'Penggantian lampu yang mati di M2 Geology Ukuran panjang'),
(318, '2016-05-03', 'A50292', 'T.57/3', '2 each', 'Accomodation', '3159', '', 'Perbaikan AC tidak dingin, berisik dan bocor'),
(319, '2016-05-12', 'A48604', 'Pool Bar', '1 each', 'Accomodation', '3159', '', 'Perbaikan lampu taman Pool Bar'),
(320, '2016-05-09', 'A48564', 'T.32/2', '1 each', 'Accomodation', '3159', '', 'Perbaikan AC kotor '),
(321, '2016-05-09', 'A48563', 'T.79/3', '2 each', 'Accomodation', '3159', '', 'Perbaikan lampu taman terbuka'),
(322, '2016-05-02', 'A50286', 'T.76/4', '2 each', 'Accomodation', '3159', '', 'Perbaikan kulkas tidak dingin di bagian bawah '),
(323, '2016-05-09', 'A48555', 'T.22', '4 each', 'Accomodation', '3159', '', 'Perbaikan lampu ruang makan mati 2 each, perbaikan lampu TL di teras mati, dan perbaikan Rice Cooker'),
(324, '2016-05-09', 'A48557', 'T.51/1', '1 each', 'Accomodation', '3159', '', 'Perbaikan Ac bocor'),
(325, '2016-05-22', 'A50285', 'T.118/1', '4 each', 'Accomodation', '3159', '', 'Perbaikan mesin cuci tidak berfungsi, penggantian lampu panjang di bawah kolong dan 3 buah lampu mat'),
(326, '2016-03-04', 'A54216', 'A.12/1 & T.5', '3 each', 'Accomodation', '3159', '', 'Perbaikan Ac di kamar berisik'),
(327, '2016-04-04', 'A54433', 'A.29', '1 each', 'Accomodation', '3159', '', 'Tagging kabel extention di kamar akomodasi rayah'),
(328, '2016-04-04', 'A54432', 'Store Rayah', '1 each', 'Accomodation', '3159', '', 'Tagging kabel extention yang di ruang store rayah'),
(329, '2016-04-04', 'A54431', 'A.27', '1 each', 'Accomodation', '3159', '', 'Tagging mesin blender di taichen rayah'),
(330, '2016-04-04', 'A54430', 'A.27', '1 each', 'Accomodation', '3159', '869696', 'Tagging mesin soup herin di mess hall rayah'),
(331, '2016-04-04', 'A54429', 'A.27', '1 each', 'Accomodation', '3159', '475902', 'Tagging mesin heater di mess hall rayah');

-- --------------------------------------------------------

--
-- Table structure for table `penjualan`
--

CREATE TABLE `penjualan` (
  `no_penjualan` varchar(120) NOT NULL,
  `no_alocation` char(10) NOT NULL,
  `quality` varchar(10) NOT NULL,
  `quality2` varchar(10) NOT NULL,
  `quality3` varchar(10) NOT NULL,
  `workrequest` char(8) NOT NULL,
  `tgl_penjualan` date NOT NULL,
  `tgl_order` date NOT NULL,
  `nomor_meja` varchar(40) NOT NULL,
  `karyawan` char(100) NOT NULL,
  `karyawan2` char(100) NOT NULL,
  `karyawan3` char(100) NOT NULL,
  `karyawan4` char(100) NOT NULL,
  `karyawan5` char(100) NOT NULL,
  `hours` char(4) NOT NULL,
  `hours2` char(4) NOT NULL,
  `hours3` char(4) NOT NULL,
  `hours4` char(4) NOT NULL,
  `hours5` char(4) NOT NULL,
  `mt` char(4) NOT NULL,
  `mt2` char(4) NOT NULL,
  `mt3` char(4) NOT NULL,
  `hses` char(4) NOT NULL,
  `hses2` char(4) NOT NULL,
  `hses3` char(4) NOT NULL,
  `trade` char(10) NOT NULL,
  `trade2` char(10) NOT NULL,
  `trade3` char(10) NOT NULL,
  `trade4` char(10) NOT NULL,
  `trade5` char(10) NOT NULL,
  `totjam` int(120) NOT NULL,
  `done` char(100) NOT NULL,
  `cost` int(10) NOT NULL,
  `pelanggan` varchar(60) NOT NULL,
  `keterangan` varchar(200) NOT NULL,
  `uang_bayar` int(12) NOT NULL,
  `kd_user` char(3) NOT NULL,
  `id` int(45) NOT NULL,
  `cic` varchar(10) NOT NULL
) ENGINE=MyISAM DEFAULT CHARSET=latin1;

--
-- Dumping data for table `penjualan`
--

INSERT INTO `penjualan` (`no_penjualan`, `no_alocation`, `quality`, `quality2`, `quality3`, `workrequest`, `tgl_penjualan`, `tgl_order`, `nomor_meja`, `karyawan`, `karyawan2`, `karyawan3`, `karyawan4`, `karyawan5`, `hours`, `hours2`, `hours3`, `hours4`, `hours5`, `mt`, `mt2`, `mt3`, `hses`, `hses2`, `hses3`, `trade`, `trade2`, `trade3`, `trade4`, `trade5`, `totjam`, `done`, `cost`, `pelanggan`, `keterangan`, `uang_bayar`, `kd_user`, `id`, `cic`) VALUES
('DAP02/09/2016', '', 'GOOD', '<br /><b>N', '<br /><b>N', 'A31246', '2016-08-05', '2016-08-04', 'SHELTER BINTANG & M-3 OFFICE', 'IRWAN', 'MUHAMMAD', 'JILVAN', 'RISAL', 'ALOY', '1', '1', '3', '3', '3', 'GOOD', '', 'Poor', 'GOOD', 'Fair', 'Poor', 'LH', 'ASST.ELECT', 'ELECT', 'ELECT', 'ELECT', 11, 'GANTI LAMPU MATI 9 EA. PEBAIKAN 2 UNIT AC, GANTI KOMPRESOR KAPS.18000BTU 1 UNIT', '955', 'TUTY SURYANI', 'PENGGANTIAN LAMPU MATI DI OFFICE M3 DAN PERBAIKAN 2 UNIT AC DI SHELTER TOWER BINTANG', 5176765, 'U01', 2, ''),
('DAP03/09/2016', '', 'GOOD', '<br /><b>N', '<br /><b>N', 'A46462', '2016-08-11', '2016-08-10', 'P-54 MSS OFFICE', 'RUSMANI', 'SISWAJI', '', '', '', '3', '3', '00', '00', '00', 'GOOD', '', 'Poor', 'GOOD', 'Fair', 'Poor', 'ELECT', 'ELECT', '', '', '', 6, 'RETAGGING 53 UNIT PERALATAN LISTRIK', '303', 'VERA WATI', 'MOHON DILAKUKAN TAGGING DI POS CP KUTIM DAN MSS OFFICE', 821000, 'U01', 3, ''),
('DAP04/09/2016', '', 'GOOD', '<br /><b>N', '<br /><b>N', '0322935', '2016-08-22', '2016-08-22', 'BP-61', 'KOMARUDIN', 'NALTO', 'DIDIK', '', '', '1', '1', '1', '00', '00', 'GOOD', '', 'Poor', 'GOOD', 'Fair', 'Poor', 'SPV', 'ELECT', 'ASS ELECT', '', '', 3, 'GULUNGAN MOTOR EXHAUSTFAN RUSAK. GANTI EXHAUSTFAN BARU 1 UNIT', '643', 'ACCOM', 'PERBAIKAN BLOWER KAMAR MANDI UTAMA MATI', 500000, 'U01', 4, ''),
('DAP05/09/2016', '', 'GOOD', '<br /><b>N', '<br /><b>N', '0322763', '2016-08-09', '2016-08-09', 'POOL BAR', 'RISAL', 'FATHUR', 'ARWAN', 'DEDI NUEL', '', '1', '1', '1', '1', '00', 'GOOD', '', 'Poor', 'GOOD', 'Fair', 'Poor', 'LH', 'ELECT', 'ELECT', 'ASS ELECT', '', 4, 'GANTI SWITCH LAMPU 1 EA', '0', 'ACCOM', 'PERBAIKAN SWITCH LAMPU', 35540, 'U01', 5, ''),
('DAP06/09/2016', '', '', '', '', '0322761', '2016-08-09', '2016-08-09', 'T-01 COFFE SHOP', 'RISAL', 'FATHUR', 'ARWAN', 'DEDI NUEL', '', '1', '1', '1', '1', '00', 'GOOD', 'GOOD', '', 'GOOD', '', '', 'LH', 'ELECT', 'ELECT', 'ASS ELECT', '', 4, 'BERSIHKAN DRAIN AC DAN SELANG PEMBUANGAN', '643 X 441', 'ACCOM', 'PERBAIKAN AC DINING ROOM BOCOR', 5000, 'U01', 6, ''),
('DAP07/09/2016', '', '', '', '', '0322780', '2016-08-10', '2016-08-10', 'T-71 COMMISARY', 'RISAL', 'FATHUR', 'ARWAN', 'DEDI NUEL', '', '1', '1', '1', '1', '00', 'GOOD', 'GOOD', '', 'GOOD', '', '', 'LH', 'ELECT', 'ELECT', 'ASS ELECT', '', 4, 'GANTI LAMPU MATI 14 EA', '643 X 441', 'ACCOM', 'PENGGANTIAN LAMPU INSECT KILER DAN LAMPU NEON PANJANG DI TERAS DAN LAMPU BELAKANG', 971250, 'U01', 7, ''),
('DAP08/09/2016', '', '', '', '', '0322757', '2016-08-09', '2016-08-09', 'T-35/3', 'RISAL', 'FATHUR', 'ARWAN', 'DEDI NUEL', '', '1', '1', '1', '1', '00', 'GOOD', 'GOOD', '', 'GOOD', '', '', 'LH', 'ELECT', 'ELECT', 'ASS ELECT', '', 4, 'BERSIHKAN DRAIN AC DAN SLURAN PEMBUANGAN', '643 X 441', 'ACCOM', 'PERBAIKAN AC KAMAR BOCOR', 5000, 'U01', 8, ''),
('DAP09/09/2016', '', '', '', '', '0322760', '2016-08-09', '2016-08-09', 'T-22 MESSHALL', 'RISAL', 'FATHUR', 'ARWAN', 'DEDI NUEL', '', '1', '1', '1', '1', '00', 'GOOD', 'GOOD', '', 'GOOD', '', '', 'LH', 'ELECT', 'ELECT', 'ASS ELECT', '', 4, 'PERBAIKAN 2 UNIT AC, GANTI KAPASITOR KOMPRESOR DAN TAMBAH GAS FREON', '643 X 441', 'ACCOM', 'PERBAIKAN AC RUANG PASTRY DAN AC RUANG PACK MEAL TIDAK DINGIN', 201000, 'U01', 9, ''),
('DAP010/09/2016', '', '', '', '', '0323096', '2016-08-29', '2016-08-29', 'BP-22', 'KOMARUDIN', 'NALTO', 'DIDIK', '', '', '1', '1', '1', '00', '00', 'GOOD', 'GOOD', '', 'GOOD', '', '', 'SPV', 'ELECT', 'ASS ELECT', '', '', 3, 'PENGGANTIAN LAMPU MATI 4 EA', '643 X 441', 'ACCOM', 'PENGGANTIAN 2 LAMPU SOROT,LAMPU TERAS SAMPING ATAS DAN LAMPU TERAS SAMPING', 1013750, 'U01', 10, ''),
('DAP011/09/2016', '', '', '', '', '0323098', '2016-08-29', '2016-08-29', 'BP-09', 'KOMARUDIN', 'NALTO', 'DIDIK', '', '', '1', '1', '1', '00', '00', 'GOOD', 'GOOD', '', 'GOOD', '', '', 'SPV', 'ELECT', 'ASS ELECT', '', '', 3, 'TAMBAH GAS FREON', '643 X 441', 'ACCOM', 'PERBAIKAN AC KAMAR DEPAN TIDAK DINGIN', 83000, 'U01', 11, ''),
('DAP012/09/2016', '', '', '', '', '0322803', '2016-08-13', '2016-08-13', 'BP-06', 'KOMARUDIN', 'NALTO', 'DIDIK', '', '', '1', '1', '1', '00', '00', 'GOOD', 'GOOD', '', 'GOOD', '', '', 'SPV', 'ELECT', 'ASS ELECT', '', '', 3, 'GANTI LAMPU MATI 1 EA', '643 X 441', 'ACCOM', 'PERBAIKAN LAMPU DI SAMPING', 46250, 'U01', 12, ''),
('DAP013/09/2016', '', '', '', '', '0322802', '2016-08-13', '2016-08-13', 'BP-06', 'KOMARUDIN', 'NALTO', 'DIDIK', '', '', '1', '1', '1', '00', '00', 'GOOD', 'GOOD', '', 'GOOD', '', '', 'SPV', 'ELECT', 'ASS ELECT', '', '', 3, 'CAPASITOR RUSAK, GANTI CAPASITOR COMPRESSOR 1 EA', '643 X 441', 'ACCOM', 'PERBAIKAN AC KAMAR ANAK TIDAK DINGIN', 118000, 'U01', 13, ''),
('DAP014/09/2016', '', '', '', '', '0322901', '2016-08-18', '2016-08-18', 'AQUATIC LANAL', 'KOMARUDIN', 'NALTO', 'DIDIK', '', '', '1', '1', '1', '00', '00', 'GOOD', 'GOOD', '', 'GOOD', '', '', 'SPV', 'ELECT', 'ASS ELECT', '', '', 3, 'PEMASANGAN CABLE DUCTING', '643 X 441', 'ACCOM', 'PASANG KABEL DUCTIN', 97600, 'U01', 14, ''),
('DAP015/09/2016', '', '', '', '', '0322916', '2016-08-19', '2016-08-19', 'AQUATIC', 'KOMARUDIN', 'NALTO', 'DIDIK', '', '', '1', '1', '1', '00', '00', 'GOOD', 'GOOD', '', 'GOOD', '', '', 'SPV', 'ELECT', 'ASS ELECT', '', '', 3, 'PENGGANTIAN 3 UNIT CEILINGFAN UKURAN 40 INCH', '643 X 441', 'ACCOM', 'PERBAIKAN KIPAS ANGIN RUSAK ', 3000000, 'U01', 15, ''),
('DAP016/09/2016', '', '', '', '', '0322915', '2016-08-19', '2016-08-19', 'BP-70', 'KOMARUDIN', 'NALTO', 'DIDIK', '', '', '1', '1', '1', '00', '00', 'GOOD', 'GOOD', '', 'GOOD', '', '', 'SPV', 'ELECT', 'ASS ELECT', '', '', 3, 'PENGGANTIAN LAMPU MATI 6 EA', '643 X 441', 'ACCOM', 'PENGGANTIAN / PERBAIKAN BEBERAPA LAMPU MATI / RUSAK', 847000, 'U01', 16, ''),
('DAP017/09/2016', '', '', '', '', '0322914', '2016-08-19', '2016-08-19', 'BP-19', 'KOMARUDIN', 'NALTO', 'DIDIK', '', '', '1', '1', '1', '00', '00', 'GOOD', 'GOOD', '', 'GOOD', '', '', 'SPV', 'ELECT', 'ASS ELECT', '', '', 3, 'PERBAIKAN 3 UNIT AC, BERSIHKAN PIPA PEMBUANGAN, GANTI FUSE DAN TAMBAH GAS FREON', '643 X 441', 'ACCOM', 'PERBAIKAN AC KAMAR TIDUR, AC RUANG TAMU DAN AC DAPUR', 108000, 'U01', 17, ''),
('DAP018/09/2016', '', '', '', '', '0322847', '2016-08-18', '2016-06-16', 'BP-69', 'KOMARUDIN', 'NALTO', 'DIDIK', '', '', '1', '1', '1', '00', '00', 'GOOD', 'FAIR', '', 'GOOD', '', '', 'SPV', 'ELECT', 'ASS ELECT', '', '', 3, 'GANTI ELEMEN KOMPOR 1 EA', '643 X 441', 'ACCOM', 'PERBAIKAN KOMPOR', 750000, 'U01', 18, ''),
('DAP019/09/2016', '', '', '', '', '0323082', '2016-08-25', '2016-08-25', 'BP-06', 'KOMARUDIN', 'NALTO', 'DIDIK', '', '', '1', '1', '1', '00', '00', 'GOOD', 'GOOD', '', 'GOOD', '', '', 'SPV', 'ELECT', 'ASS ELECT', '', '', 3, 'PENGGANTIAN LAMPU MATI 3 EA. PERBAIKAN 1 UNIT AC,BERSIHKAN DRAIN DAN TAMBAH GAS FREON', '643 X 441', 'ACCOM', 'PERBAIKAN LAMPU KORIDOR DAN LAMPU TERAS, PERBAIKAN AC KAMAR ANAK PANAS', 855500, 'U01', 19, ''),
('DAP020/09/2016', '', '', '', '', '0322944', '2016-08-23', '2016-08-23', 'BP-43', 'KOMARUDIN', 'NALTO', 'DIDIK', '', '', '1', '1', '1', '00', '00', 'GOOD', 'GOOD', '', 'GOOD', '', '', 'SPV', 'ELECT', 'ASS ELECT', '', '', 3, 'PENGGANTIAN ELEMEN DISPENSER 1 EA', '643 X 441', 'ACCOM', 'WATER DISPENSER KONSLET', 190000, 'U01', 20, ''),
('DAP021/09/2016', '', '', '', '', '0322946', '2016-08-23', '2016-08-23', 'BP-06', 'KOMARUDIN', 'NALTO', 'DIDIK', '', '', '1', '1', '1', '00', '00', 'GOOD', 'GOOD', '', 'GOOD', '', '', 'SPV', 'ELECT', 'ASS ELECT', '', '', 3, 'PENGGANTIAN LAMPU MATI 7 EA', '643 X 441', 'ACCOM', 'GANTI LAMPU TOILET MATI DAMN LAMPU RUANG TAMU', 812500, 'U01', 21, ''),
('DAP022/09/2016', '', '', '', '', '0323051', '2016-08-24', '2016-08-24', 'BP-44', 'KOMARUDIN', 'NALTO', 'DIDIK', '', '', '1', '1', '1', '00', '00', 'GOOD', 'GOOD', '', 'GOOD', '', '', 'SPV', 'ELECT', 'ASS ELECT', '', '', 3, 'PENGGANTIAN LAMPU MATI 15 EA DAN PENGGANTIAN SWITCH LAMPU 1 EA', '643 X 441', 'ACCOM', 'PENGGANTIAN BEBERAPA LAMPU TL, LAMPU SOROT DAN LAMPU MEJA', 1260250, 'U01', 22, ''),
('DAP023/09/2016', '', '', '', '', '0323056', '2016-08-24', '2016-08-24', 'BP-51', 'KOMARUDIN', 'NALTO', 'DIDIK', '', '', '1', '1', '1', '00', '00', 'GOOD', 'GOOD', '', 'GOOD', '', '', 'SPV', 'ELECT', 'ASS ELECT', '', '', 3, 'PENGGANTIAN LAMPU MATI 2 EA', '643 X 441', 'ACCOM', 'PENGGANTIAN LAMPU SOROT DEPAN', 620000, 'U01', 23, ''),
('DAP024/09/2016', '', '', '', '', '0323057', '2016-08-24', '2016-08-24', 'BP-66', 'KOMARUDIN', 'NALTO', 'DIDIK', '', '', '1', '1', '1', '00', '00', 'GOOD', 'GOOD', '', 'GOOD', '', '', 'SPV', 'ELECT', 'ASS ELECT', '', '', 3, 'PENGGANTIAN FUSE MESIN CUCI', '643 X 441', 'ACCOM', 'PENGERING MESIN CUCI RUSAK', 9000, 'U01', 24, ''),
('DAP025/09/2016', '', '', '', '', '0323063', '2016-08-25', '2016-08-25', 'BP-35', 'KOMARUDIN', 'NALTO', 'DIDIK', '', '', '1', '1', '1', '00', '00', 'GOOD', 'GOOD', '', 'GOOD', '', '', 'SPV', 'ELECT', 'ASS ELECT', '', '', 3, 'PERBAIKAN 2 UNIT AC, BERSIHKAN DRAIN DAN SALURAN PEMBUANGAN', '643 X 441', 'ACCOM', 'PERBAIKAN AC RUANG TAMU DAN KAMAR ANAK BOCOR', 16000, 'U01', 25, ''),
('DAP026/09/2016', '', '', '', '', '0323062', '2016-08-25', '2016-08-25', 'BP-17', 'KOMARUDIN', 'NALTO', 'DIDIK', '', '', '1', '1', '1', '00', '00', 'GOOD', 'GOOD', '', 'GOOD', '', '', 'SPV', 'ELECT', 'ASS ELECT', '', '', 3, 'PERBAIKAN 1 UNIT AC, TAMBAH GAS FREON', '643 X 441', 'ACCOM', 'PERBAIKAN AC RUANG TAMU PANAS', 83000, 'U01', 26, ''),
('DAP027/09/2016', '', '', '', '', '0322937', '2016-08-22', '2016-08-22', 'bp-58', 'KOMARUDIN', 'NALTO', 'DIDIK', '', '', '1', '1', '1', '00', '00', 'Good', 'GOOD', '', 'GOOD', '', '', 'SPV', 'ELECT', 'ELECT', '', '', 3, 'PENGGANTIAN LAMPU MATI 4 EA', '643 X 441', 'ACCOM', 'PERBAIKAN LAMPU DAPUR, LAMPU RUANG MAKAN, LAMPU KAMAR EPAN DAN BELAKANG', 580000, 'U01', 27, ''),
('DAP028/09/2016', '', '', '', '', 'A31792', '2016-08-29', '2016-08-29', 'PIT J MSD', 'HARY', 'RICKI', '', '', '', '2', '2', '00', '00', '00', 'GOOD', 'GOOD', '', 'GOOD', '', '', 'SPV', 'ELECT', '', '', '', 4, 'PENGGANTIAN LAMPU MATI 3 EA. BERSIHKAN DRAIN DAN INDOOR AC', '173 S 440', 'AIZAH MAULIDINA', 'PERBAIKAN AC BOCOR DI MINI WAREHOUSE DAN MUSHOLAH, PENGGANTIAN LAMPU', 240000, 'U01', 28, ''),
('DAP029/09/2016', '', '', '', '', 'A43166', '2016-07-26', '2016-08-26', 'SIMULATOR S210', 'HARY', 'RICKI', '', '', '', '1', '1', '00', '00', '00', 'GOOD', 'GOOD', '', 'GOOD', '', '', 'SPV', 'ELECT', '', '', '', 2, 'PERBAIKAN 1 UNIT AC, GANTI TERMISTOR', '770 S 440', 'MUKHNIZAL', 'CHCEK AND REPAIRE AC SIMULATOR AT BUILDING MURUNG', 185000, 'U01', 29, ''),
('DAP030/09/2016', '', '', '', '', '018917', '2016-08-21', '2016-06-22', 'M-15 ENVIRO', 'CARBAN', 'ALI M', 'ANDI', 'MUHAMAD', 'IRWAN', '20', '20', '20', '20', '20', 'GOOD', 'GOOD', '', 'GOOD', '', '', 'ELECT', 'ELECT', 'ELECT', 'ASS ELECT', 'LH', 100, 'PEMASANGAN 3 UNIT KRUSHER, PEMBUATAN DUDUKAN ( CONCRETE ) BARU', '321 X 199', 'LILI SANDRIANI', 'MOHON DIPASANGKAN 3 KRUSHER BARU DAN TAGGING KARCHER DI WASHPAD', 4033700, 'U01', 30, ''),
('DAP031/09/2016', '', '', '', '', 'WRDRWH--', '2016-08-31', '2016-08-30', 'D-1 SURYA GUDANG HANDAK', 'IRWAN', 'MUHAMMAD', '', '', '', '1', '1', '00', '00', '00', 'GOOD', 'GOOD', '', 'GOOD', '', '', 'LH', 'ASST.ELECT', '', '', '', 2, 'PERBAIKAN KABEL YANG RUSAK. PENGGANTIAN LAMPU MATI 3 EA', '781 S 440', 'SISWANTO', 'PERBAIKAN INSTALASI LISTRIK ', 159450, 'U01', 31, ''),
('DAP032/09/2016', '', '', '', '', 'A58361', '2016-08-08', '2016-08-08', 'KLINIK SOS SWARGABARA', 'EFENDI', 'DELIANTO', 'ASIS', 'ARHAM', '', '2', '2', '2', '2', '00', 'GOOD', 'GOOD', '', 'GOOD', '', '', 'LH', 'LH', 'ELECT', 'ASS ELECT', '', 8, 'PERBAIKAN 2 UNIT AC, GANTI NEPEL DAN TAMBAH GAS FREON. BERSIHKAN SALURAN PEMBUANGAN AIR', '430 X 440', 'YULI INDAH SARI', 'PERBAIKAN AC RUANG PHARMACY TIDAK DINGIN DAN AC RUANG LAB BOCOR', 106200, 'U01', 32, ''),
('DAP033/09/2016', '', '', '', '', '018661', '2016-08-11', '2016-08-10', 'JUPITER MOD', 'IRWAN', 'MUHAMMAD', '', '', '', '4', '4', '00', '00', '00', 'GOOD', 'GOOD', '', 'GOOD', '', '', 'LH', 'ASST.ELECT', '', '', '', 8, 'CLEANING 18 UNIT AC. BERSIHKAN DRAIN DAN INDOOR AC', '744 S 440', 'ABDUL HALIK', 'PERBAIKAN / SERVICE AC DI GEDUNG J-2 LANTAI 2', 10000, 'U01', 33, ''),
('DAP034/09/2016', '', '', '', '', '015193', '2016-08-30', '2016-08-25', 'M-17 & POS SECURITY SCRAPYARD', 'HARY', 'RICKI', '', '', '', '2', '2', '00', '00', '00', 'GOOD', 'GOOD', '', 'GOOD', '', '', 'SPV', 'E', '', '', '', 4, 'RETAGGING 38 UNIT PERALATAN LISTRIK', '253 X 440', 'M. ARIF RIVAI', 'RENEWAL TAGGING INSPECTION OUTLET AND ELECTRICAL DEVICE IN MURUNG CRANE BASE AND POS SECURITY SCRAP ', 650000, 'U01', 34, ''),
('DAP035/09/2016', '', '', '', '', 'A47977', '2016-09-08', '2016-08-04', 'NURSERY TANGO DELTA', 'JILVAN', 'ANDI', 'HARY', 'RICKI', '', '2', '2', '1', '1', '00', 'GOOD', 'GOOD', '', 'GOOD', '', '', 'ELECT', 'ELECT', 'SPV', 'ELECT', '', 6, 'PERBAIKAN 1 UNIT DISPENSER, TERMOSTAT REFRIGATOR RUSAK. GANTI TERMOSTAT DAN RELAY', '324 X 440', 'ASPIN PAGALLUNGAN', 'PERBAIKAN DISPENSER DI LAB EKOLOGI NURSERY', 535500, 'U01', 35, ''),
('DAP036/09/2016', '', '', '', '', 'A37438', '2016-08-18', '2016-05-02', 'P-6 & P-7', 'ALOY', 'JILVAN', 'ANDI', 'TRI', 'DIDIK', '3', '3', '3', '2', '2', 'GOOD', 'GOOD', '', 'GOOD', '', '', 'ELECT', 'ELECT', 'ELECT', 'ELECT', 'ASS ELECT', 13, 'RETAGGING 15 UNIT PERALATAN LISTRIK. PERBAIKAN 1 UNIT AC, KOMPRESOR KONTAK BODY. GANTI KOMPRESOR KAP', '650 S 440', 'NOVI', 'PERBAIKAN AC PANAS RUANG MANAGER MARINE DAN RENEWAL TAGGING PERALATAN LISTRIK', 3733130, 'U01', 36, ''),
('DAP037/09/2016', '', '', '', '', '00053806', '2016-08-24', '2016-08-19', 'CPP C-3', 'HARY', 'CARBAN', 'SLAMET', '', '', '2', '2', '2', '00', '00', 'GOOD', 'GOOD', '', 'GOOD', '', '', 'SPV', 'ELECT', 'ELECT', '', '', 6, 'PENGGANTIAN ELEMENT VACUM ( DIKONVERSI KE UPPER HEATING ELEMENT)', '690 S 140', 'MIRANTI NANDA', 'PERBAIKAN ELEMENT VACUM PUMP', 4927900, 'U01', 37, ''),
('DAP038/09/2016', '', '', '', '', '0024370', '2016-06-02', '2016-06-02', 'M-15 GEOLOGY', 'IRWAN', 'MUHAMMAD', 'JILVAN', 'ALOY', 'JUPRI', '1', '1', '3', '3', '3', 'GOOD', 'GOOD', '', 'GOOD', '', '', 'LH', 'ELECT', 'ELECT', 'ELECT', 'ASS ELECT', 11, 'PERBAIKAN 2 UNIT AC, GANTI KAPASITOR DAN TAMBAH GAS FREON. GULUNGAN KOMPRESOR TERBAKAR DAN KONTAK BO', '566 S 440', 'WULAN', 'PERBAIKAN AC RUANG LAB DAN RUANG MONITORING', 3780130, 'U01', 38, ''),
('DAP039/09/2016', '', '', '', '', 'A53739', '2016-09-01', '2016-08-10', 'HATARI', 'IRWAN', 'MUHAMMAD', 'JILVAN', 'ALOY', 'ANDI', '2', '2', '3', '3', '3', 'GOOD', 'GOOD', '', 'GOOD', '', '', 'LH', 'ASST.ELECT', 'ELECT', 'ELECT', 'ELECT', 13, 'DISCONECT AC, INSTALL CONCRETE DAN PENGGANTIAN KOMPRESOR KAPS. 9000BTU 1 UNIT. RECONECT AC', '750 S 440', 'RUSLI H', 'PERBAIKAN AC PANAS RUANG ROMEO 2 MUSTER AREA REHAB HATARI', 3587525, 'U01', 39, ''),
('DAP040/09/2016', '', '', '', '', '0024371', '2016-06-20', '2016-06-13', 'M-15 GEOLOGY', 'IRWAN', 'MUHAMMAD', '', '', '', '3', '3', '00', '00', '00', 'GOOD', 'GOOD', '', 'GOOD', '', '', 'LH', 'ASST.ELECT', '', '', '', 6, 'RETAGGING 70 UNIT PERALATAN LISTRIK', '566 S 440', 'WULAN', 'TAGGING PERALATAN LISTRIK DI M15 GEOTECH', 1448000, 'U01', 40, ''),
('DAP041/09/2016', '', '', '', '', '0322715', '2016-08-03', '2016-08-03', 'T-01', 'RISAL', 'FATHUR', 'ARWAN', 'DEDI NUEL', '', '1', '1', '1', '1', '00', 'Good', 'GOOD', '', 'GOOD', '', '', 'LH', 'ELECT', 'ELECT', 'ELECT', '', 4, 'DISCONECT POWER OUTLET', '643 X 441', 'ACCOM', 'DISCONECT / RECONECT POWER DIBAWAH SINK DAPUR COFFESHOP', 12000, 'U01', 41, ''),
('DAP042/09/2016', '', '', '', '', '0322725', '2016-06-05', '2016-06-05', 'T-88', 'RISAL', 'FATHUR', 'ARWAN', 'DEDI NUEL', '', '1', '1', '1', '1', '00', 'GOOD', 'GOOD', '', 'GOOD', '', '', 'LH', 'ELECT', 'ELECT', 'ASS ELECT', '', 4, 'BERSIHKAN DRAIN AC DAN SELANG PEMBUANGAN', '643 X 441', 'ACCOM', 'PERBAIKAN AC KAMAR TIDUR BOCOR', 5000, 'U01', 42, ''),
('DAP043/09/2016', '', '', '', '', '0322745', '2016-08-08', '2016-08-08', 'T-59/4', 'RISAL', 'FATHUR', 'ARWAN', 'DEDI NUEL', '', '1', '1', '1', '1', '00', 'GOOD', 'GOOD', '', 'GOOD', '', '', 'LH', 'ELECT', 'ELECT', 'ASS ELECT', '', 4, 'BERSIHKAN DRAIN DAN SELANG PEMBUANGAN', '643 X 441', 'ACCOM', 'PERBAIKAN AC BOCOR', 10000, 'U01', 43, ''),
('DAP044/09/2016', '', '', '', '', '0322746', '2016-08-08', '2016-08-08', 'T-44/4', 'RISAL', 'FATHUR', 'ARWAN', 'DEDI NUEL', '', '1', '1', '1', '1', '00', 'GOOD', 'GOOD', '', 'GOOD', '', '', 'LH', 'ELECT', 'ELECT', 'ASS ELECT', '', 4, 'TAMBAH GAS FREON', '643 X 441', 'ACCOM', 'PERBAIKAN AC BOCOR DAN KURANG DINGIN', 83000, 'U01', 44, ''),
('DAP045/09/2016', '', '', '', '', '0322777', '2016-08-10', '2016-08-10', 'T-44/7', 'RISAL', 'FATHUR', 'ARWAN', 'DEDI NUEL', '', '1', '1', '1', '1', '00', 'GOOD', 'GOOD', '', 'GOOD', '', '', 'LH', 'ELECT', 'ELECT', 'ELECT', '', 4, 'BERSIHKAN DRAIN AC', '643 X 441', 'ACCOM', 'PERBAIKAN AC BOCOR', 16000, 'U01', 45, ''),
('DAP046/09/2016', '', '', '', '', 'A58973', '2016-08-01', '2016-07-14', 'D-1 & D-3 TANGO DELTA', 'IRWAN', 'MUHAMMAD', 'DEDI WAHYU', 'RICKI', 'SLAMET', '2', '2', '2', '2', '2', 'GOOD', 'GOOD', '', 'GOOD', '', '', 'LH', 'ASST.ELECT', 'ELECT', 'ELECT', 'ELECT', 10, 'PENGGANTIAN LAMPU MATI 9 EA. PERBAIKAN PCB AC 1 UNIT', '330 X 440', 'WARNO', 'PERBAIKAN LAMPU DI JAYCESS C DAN LAMPU NEON DI RUANG MANAGER OHS D1. PERBAIKAN AC DI D3', 1545900, 'U01', 46, ''),
('DAP0146/09/2016', '', '', '', '', 'A45610', '2016-09-02', '2016-06-28', 'TW LV ROAD 9', 'RUSMANI', 'SISWAJI', '', '', '', '10', '10', '00', '00', '00', 'GOOD', 'GOOD', '', 'GOOD', '', '', 'ELECT', 'ELECT', '', '', '', 20, 'INSTALL DAN PENARIKAN POWER SUPPLY BARU', '114 S 440', 'TOUFIK SUDIYANTO', 'INSTALL POWER OUTLET FAN CPU DISPATVH LV', 1937700, 'U01', 146, ''),
('DAP048/09/2016', '', '', '', '', 'WRDRWH-4', '2016-09-03', '2016-08-19', 'M-7 SIC', 'HARY', 'RICKI', '', '', '', '2', '2', '00', '00', '00', 'GOOD', 'GOOD', '', 'GOOD', '', '', 'SPV', 'ELECT', '', '', '', 4, 'GANTI BALAST LAMPU 1 EA', '230 S 440', 'SIRMANI', 'PERBAIKAN LAMPU HPL MATI', 400000, 'U01', 48, ''),
('DAP049/09/2016', '', '', '', '', 'A43332', '2016-08-29', '2016-08-24', 'M-6 HTM', 'HARY', 'RICKI', '', '', '', '1', '1', '00', '00', '00', 'GOOD', 'GOOD', '', 'GOOD', '', '', 'SPV', 'ELECT', '', '', '', 2, 'RETAGGING 2 UNIT DISPENSER. PEMBUATAN  1 EA EXTENTION CABLE', '181 S 165', 'ERNI', 'TAGGING DISPENSER DAN PEMBUATAN KABEL EXTENTION', 635300, 'U01', 49, ''),
('DAP050/09/2016', '', '', '', '', 'A60416', '2016-08-11', '2016-07-18', 'M-6 HTM', 'ANDI S', 'JUFRI', 'RICKI', 'HARY', '', '1', '1', '1', '1', '00', 'GOOD', 'GOOD', '', 'GOOD', '', '', 'ELECT', 'ELECT', 'ELECT', 'SPV', '', 4, 'RETAGGING 11 UNIT PERALATAN LISTRIK', '181 S 165', 'ERNI', 'TAGGING ELECTRICAL DI KANTOR LT 1 & 2 EXPIRED', 507900, 'U01', 50, ''),
('DAP051/09/2016', '', '', '', '', '00054053', '2016-09-05', '2016-09-02', 'M-6 HTM', 'HARY', 'RICKI', '', '', '', '2', '2', '00', '00', '00', 'GOOD', 'GOOD', '', 'GOOD', '', '', 'SPV', 'ELECT', '', '', '', 4, 'RETAGGING 2 UNIT OUTLET DAN PERBAIKAN OUTLET', '181 S 440', 'ERNI', 'TAGGING POWER OUTLET DAN PERBAIKAN SWITCH LAMPU', 155500, 'U01', 51, ''),
('DAP052/09/2016', '', '', '', '', '0324217', '2016-08-22', '2016-08-22', 'J-5/1 & 7', 'EFENDI', 'DELIANTO', 'ASIS', 'ARHAM', '', '1', '1', '1', '1', '00', 'GOOD', 'GOOD', '', 'GOOD', '', '', 'LH', 'L', 'ELECT', 'ASS ELECT', '', 4, 'PENGGANTIAN LAMPU MATI 2 EA', '643 X 442', 'ACCOM', 'PERBAIKAN LAMPU DI KAMAR MATI', 92500, 'U01', 52, ''),
('DAP053/09/2016', '', '', '', '', '0324144', '2016-08-09', '2016-08-09', 'A-2/4', 'EFENDI', 'DELIANTO', 'ASIS', 'ARHAM', '', '1', '1', '1', '1', '00', 'GOOD', 'GOOD', '', 'GOOD', '', '', 'LH', 'LH', 'ELECT', 'ASS ELECT', '', 4, 'PERBAIKAN PLERINGAN AC, TAMBAH GAS FREON', '643 X 442', 'ACCOM', 'PERBAIKAN AC KAMAR TIDAK DINGIN', 83000, 'U01', 53, ''),
('DAP054/09/2016', '', '', '', '', '0324143', '2016-08-09', '2016-08-09', 'A-16/4', 'EFENDI', 'DELIANTO', 'ASIS', 'ARHAM', '', '1', '1', '1', '1', '00', 'GOOD', 'GOOD', '', 'GOOD', '', '', 'LH', 'LH', 'ELECT', 'ASS ELECT', '', 4, 'GANTI KAPASITOR KOMPRESOR AC', '643 X 442', 'ACCOM', 'PERBAIKAN AC KAMAR TIDAK DINGIN', 70000, 'U01', 54, ''),
('DAP055/09/2016', '', '', '', '', '0324149', '2016-08-09', '2016-08-09', 'A-24', 'EFENDI', 'DELIANTO', 'ASIS', 'ARHAM', '', '1', '1', '1', '1', '00', 'GOOD', 'GOOD', '', 'GOOD', '', '', 'LH', 'LH', 'ELECT', 'ASS ELECT', '', 4, 'GANTI BOHLAM 1 EA', '643 X 442', 'ACCOM', 'PERBAIKAN LAMPU EMERGENCY DI BARAK MATI', 35600, 'U01', 55, ''),
('DAP056/09/2016', '', '', '', '', '0324148', '2016-08-09', '2016-08-09', 'A-24', 'EFENDI', 'DELIANTO', 'ASIS', 'ARHAM', '', '1', '1', '1', '1', '00', 'GOOD', 'GOOD', '', 'GOOD', '', '', 'LH', 'LH', 'ELECT', 'ASS ELECT', '', 4, 'LAMPU MATI / RUSAK. GANTI LAMPU BARU 1 SET', '643 X 442', 'ACCOM', 'PERBAIKAN LAMPU KAMAR MANDI BARAK MATI', 140000, 'U01', 56, ''),
('DAP057/09/2016', '', '', '', '', '0324147', '2016-08-09', '2016-08-09', 'A-19', 'EFENDI', 'DELIANTO', 'ASIS', 'ARHAM', '', '1', '1', '1', '1', '00', 'GOOD', 'GOOD', '', 'GOOD', '', '', 'LH', 'LH', 'ELECT', 'ELECT', '', 4, 'GANTI LAMPU MATI 1 EA', '643 X 442', 'ACCOM', 'PERBAIKAN LAMPU KORIDOR KAMAR MANDI TERBAKAR', 35600, 'U01', 57, ''),
('DAP058/09/2016', '', '', '', '', '0324122', '2016-08-05', '2016-08-05', 'A-8/2', 'EFENDI', 'DELIANTO', 'ASIS', 'ARHAM', '', '1', '1', '1', '1', '00', 'GOOD', 'GOOD', '', 'GOOD', '', '', 'LH', 'LH', 'ELECT', 'ASS ELECT', '', 4, 'DIS/RECONECT AC. TAMBAH GAS FREON', '643 X 442', 'ACCOM', 'DISCONECT & RECONECT AC DI KAMAR', 85160, 'U01', 58, ''),
('DAP059/09/2016', '', '', '', '', '0324121', '2016-08-05', '2016-08-05', 'A-21', 'EFENDI', 'DELIANTO', 'ASIS', 'ARHAM', '', '1', '1', '1', '1', '00', 'GOOD', 'GOOD', '', 'GOOD', '', '', 'LH', 'LH', 'ELECT', 'ASS ELECT', '', 4, 'GANTI KABEL SETRIKA', '643 X 441', 'ACCOM', 'PERBAIKAN KABEL SETRIKA TANGAN DI BARAK RUSAK', 31500, 'U01', 59, ''),
('DAP060/09/2016', '', '', '', '', '0324119', '2016-08-05', '2016-08-05', 'LAUNDRY RAYAH', 'EFENDI', 'DELIANTO', 'ASIS', 'ARHAM', '', '1', '1', '1', '1', '00', 'GOOD', 'GOOD', '', 'GOOD', '', '', 'LH', 'LH', 'ELECT', 'ASS ELECT', '', 4, 'PENGGANTIAN KABEL SETRIKA', '643 X 442', 'ACCOM', 'PERBAIKAN SETRIKA TANGAN LAUNDRY RUSAK', 31500, 'U01', 60, ''),
('DAP061/09/2016', '', '', '', '', '0324142', '2016-08-09', '2016-08-09', 'A-7/1', 'EFENDI', 'DELIANTO', 'ASIS', 'ARHAM', '', '1', '1', '1', '1', '00', 'GOOD', 'GOOD', '', 'GOOD', '', '', 'LH', 'LH', 'ELECT', 'ASS ELECT', '', 4, 'PERBAIKAN KEBOCORAN GAS. FLUSING DAN TAMBAH GAS FREON', '643 X 442', 'ACCOM', 'PERBAIKAN AC KAMAR TIDAK DINGIN', 83000, 'U01', 61, ''),
('DAP062/09/2016', '', '', '', '', '0324141', '2016-08-09', '2016-08-09', 'A-15/1', 'EFENDI', 'DELIANTO', 'ASIS', 'ARHAM', '', '1', '1', '1', '1', '00', 'GOOD', 'GOOD', '', 'GOOD', '', '', 'LH', 'LH', 'ELECT', 'ASS ELECT', '', 4, 'GANTI KAPASITOR BLOWER', '643 X 442', 'ACCOM', 'PERBAIKAN AC KAMAR BANJIR', 37500, 'U01', 62, ''),
('DAP063/09/2016', '', '', '', '', '0324133', '2016-08-05', '2016-08-05', 'A-7/10', 'EFENDI', 'DELIANTO', 'ASIS', 'ARHAM', '', '1', '1', '1', '1', '00', 'GOOD', 'GOOD', '', 'GOOD', '', '', 'LH', 'LH', 'ELECT', 'ASS ELECT', '', 4, 'PERBAIKAN KEBOCORAN GAS, FLUSHING DAN TAMBAH GAS FREON', '643 X 442', 'ACCOM', 'PERBAIKAN AC KAMAR TIDAK DINGIN', 83000, 'U01', 63, ''),
('DAP064/09/2016', '', '', '', '', '0324140', '2016-08-09', '2016-08-09', 'A-10/7', 'EFENDI', 'DELIANTO', 'ASIS', 'ARHAM', '', '1', '1', '1', '1', '00', 'GOOD', 'GOOD', '', 'GOOD', '', '', 'LH', 'LH', 'ELECT', 'ASS ELECT', '', 4, 'PENAMBAHAN SCREW', '643 X 442', 'ACCOM', 'PERBAIKAN AC KAMAR BERISIK', 2160, 'U01', 64, ''),
('DAP065/09/2016', '', '', '', '', '0324108', '2016-08-03', '2016-08-03', 'MUSHOLAH RAYAH', 'EFENDI', 'DELIANTO', 'ASIS', 'ARHAM', '', '1', '1', '1', '1', '00', 'GOOD', 'GOOD', '', 'GOOD', '', '', 'LH', 'LH', 'ELECT', 'ASS ELECT', '', 4, 'PENGGANTIAN LAMPU MATI 1 EA', '643 X 442', 'ACCOM', 'PERBAIKAN LMAPU DI ATAS TEMPATR WUDHU RAYAH MATI', 44350, 'U01', 65, ''),
('DAP066/09/2016', '', '', '', '', '0324101', '2016-08-02', '2016-08-02', 'A-25', 'EFENDI', 'DELIANTO', 'ASIS', 'ARHAM', '', '1', '1', '1', '1', '00', 'GOOD', 'GOOD', '', 'GOOD', '', '', 'LH', 'LH', 'ELECT', 'ASS ELECT', '', 4, 'PEMASANGAN SEAL TAPE PADA ELEMEN', '643 X 442', 'ACCOM', 'PERBAIKAN WATER HEATER DI BARAK BOCOR', 6000, 'U01', 66, ''),
('DAP067/09/2016', '', '', '', '', '0324117', '2016-08-05', '2016-08-05', 'A-27', 'EFENDI', 'DELIANTO', 'ASIS', 'ARHAM', '', '1', '1', '1', '1', '00', 'GOOD', 'GOOD', '', 'GOOD', '', '', 'LH', 'LH', 'ELECT', 'ASS ELECT', '', 4, 'PENGGANTIAN LAMPU MATI 1 EA', '643 X 442', 'ACCOM', 'PERBAIKAN LAMPU DI DALAM CHILER NO 2', 35600, 'U01', 67, ''),
('DAP068/09/2016', '', '', '', '', '0324116', '2016-09-05', '2016-08-05', 'A-06', 'EFENDI', 'DELIANTO', 'ASIS', 'ARHAM', '', '1', '1', '1', '1', '00', 'GOOD', 'GOOD', '', 'GOOD', '', '', 'LH', 'LH', 'ELECT', 'ASS ELECT', '', 4, 'PENGGANTIAN LAMPU MATI 2 EA', '643 X 442', 'ACCOM', 'PERBAIKAN LAMPU KAMAR MANDI BARAK MATI', 113100, 'U01', 68, ''),
('DAP069/09/2016', '', '', '', '', '0324115', '2016-08-05', '2016-08-05', 'A-19', 'EFENDI', 'DELIANTO', 'ASIS', 'ARHAM', '', '1', '1', '1', '1', '00', 'GOOD', 'GOOD', '', 'GOOD', '', '', 'LH', 'LH', 'ELECT', 'ASS ELECT', '', 4, 'PENGGANTIAN BOHLAM 1 EA', '643 X 442', 'ACCOM', 'PERBAIKAN LAMPU KAMAR MANDI BARAK MATI', 35600, 'U01', 69, ''),
('DAP070/09/2016', '', '', '', '', '0324132', '2016-08-05', '2016-08-05', 'MUSHOLAH RAYAH', 'EFENDI', 'DELIANTO', 'ASIS', 'ARHAM', '', '1', '1', '1', '1', '00', 'GOOD', 'GOOD', '', 'GOOD', '', '', 'LH', 'LH', 'ELECT', 'ASS ELECT', '', 4, 'PEMBERSIHAN PENGERAS SUARA DARI SARANG BRURUNG', '643 X 442', 'ACCOM', 'PERBAIKAN PENGERAS SUARA DI MUSHOLAH RAYAH TIDAK BERFUNGSI 1 BAGIAN', 30500, 'U01', 70, ''),
('DAP071/09/2016', '', '', '', '', '0324204', '2016-08-16', '2016-08-16', 'A-28', 'EFENDI', 'DELIANTO', 'ASIS', 'ARHAM', '', '1', '1', '1', '1', '00', 'GOOD', 'GOOD', '', 'GOOD', '', '', 'LH', 'LH', 'ELECT', 'ASS ELECT', '', 4, 'PENAMBAHAN GAS FREON', '643 X 442', 'ACCOM', 'PERBAIKAN AC DI RUANG RECHALL RAYAH TIDAK DINGIN', 83000, 'U01', 71, ''),
('DAP072/09/2016', '', '', '', '', '0324243', '2016-08-24', '2016-08-24', 'A-21/2', 'EFENDI', 'DELIANTO', 'ASIS', 'ARHAM', '', '1', '1', '1', '1', '00', 'GOOD', 'GOOD', '', 'GOOD', '', '', 'LH', 'LH', 'ELECT', 'ASS ELECT', '', 4, 'GANTI BOHLAM 1 EA', '643 X 442', 'ACCOM', 'PERBAIKAN LAMPU KAMAR RUSAK', 37500, 'U01', 72, ''),
('DAP073/09/2016', '', '', '', '', '0324201', '2016-08-16', '2016-08-16', 'A-27', 'EFENDI', 'DELIANTO', 'ASIS', 'ARHAM', '', '1', '1', '1', '1', '00', 'GOOD', 'GOOD', '', 'GOOD', '', '', 'LH', 'LH', 'ELECT', 'ASS ELECT', '', 4, 'GANTI LAMPU MATI 1 EA', '643 X 442', 'ACCOM', 'PERBAIKAN LAMPU DI KAMAR MANDI / TOILET WANITA DI MESSHALL LAMPUNYA MATI ', 35600, 'U01', 73, ''),
('DAP074/09/2016', '', '', '', '', '0324179', '2016-08-10', '2016-08-10', 'J-05', 'EFENDI', 'DELIANTO', 'ASIS', 'ARHAM', '', '1', '1', '1', '1', '00', 'GOOD', 'GOOD', '', 'GOOD', '', '', 'LH', 'LH', 'ELECT', 'ELECT', '', 4, 'LAMPU MATI DAN RUSAK. GANTI LAMPU BARU 1 SET', '643 X 442', 'ACCOM', 'PERBAIKAN LAMPU DI TERAS KAMAR MATI', 140000, 'U01', 74, ''),
('DAP075/09/2016', '', '', '', '', '0324137', '2016-08-08', '2016-08-08', 'J-8/2', 'EFENDI', 'DELIANTO', 'ASIS', 'ARHAM', '', '1', '1', '1', '1', '00', 'GOOD', 'GOOD', '', 'GOOD', '', '', 'LH', 'LH', 'ELECT', 'ASS ELECT', '', 4, 'GANTI TERMISTRO ROOM AC', '643 X 442', 'ACCOM', 'PERBAIKAN AC KAMAR SERING MATI', 110000, 'U01', 75, ''),
('DAP076/09/2016', '', '', '', '', '0324183', '2016-08-15', '2016-08-15', 'A-21/8', 'EFENDI', 'DELIANTO', 'ASIS', 'ARHAM', '', '1', '1', '1', '1', '00', 'GOOD', 'GOOD', '', 'GOOD', '', '', 'LH', 'LH', 'ELECT', 'ASS ELECT', '', 4, 'BERSIHKAN SALURAN PEMBUANGAN AC', '643 X 442', 'ACCOM', 'PERBAIKAN AC KAMAR BOCOR', 10000, 'U01', 76, ''),
('DAP077/09/2016', '', '', '', '', '0324185', '2016-08-15', '2016-08-15', 'A-29', 'EFENDI', 'DELIANTO', 'ASIS', 'ARHAM', '', '1', '1', '1', '1', '00', 'GOOD', 'GOOD', '', 'GOOD', '', '', 'LH', 'LH', 'ELECT', 'ASS ELECT', '', 4, 'PEMBERSIHAN SALURAN PEMBUANGAN', '643 X 442', 'ACCOM', 'PERBAIKAN AC DI KANTOR ACCOM RAYAH BANJIR', 10000, 'U01', 77, ''),
('DAP078/09/2016', '', '', '', '', '0324191', '2016-08-15', '2016-08-15', 'A-13/10', 'EFENDI', 'DELIANTO', 'ASIS', 'ARHAM', '', '1', '1', '1', '1', '00', 'GOOD', 'GOOD', '', 'GOOD', '', '', 'LH', 'LH', 'ELECT', 'ASS ELECT', '', 4, 'GANTI LAMPU MATI 1 EA', '643 X 442', 'ACCOM', 'PERBAIKAN LAMPU DI KAMAR MATI', 46250, 'U01', 78, ''),
('DAP079/09/2016', '', '', '', '', '0324190', '2016-08-15', '2016-08-15', 'A-02', 'EFENDI', 'DELIANTO', 'ASIS', 'ARHAM', '', '1', '1', '1', '1', '00', 'GOOD', 'GOOD', '', 'GOOD', '', '', 'LH', 'LH', 'ELECT', 'ASS ELECT', '', 4, 'GANTI LAMPU MATI 1 EA', '643 X 442', 'ACCOM', 'PERBAIKAN LAMPU LORONG KAMAR MANDI BARAK MATI', 44350, 'U01', 79, ''),
('DAP080/09/2016', '', '', '', '', '0324189', '2016-08-15', '2016-08-15', 'A-15', 'EFENDI', 'DELIANTO', 'ASIS', 'ARHAM', '', '1', '1', '1', '1', '00', 'GOOD', 'GOOD', '', 'GOOD', '', '', 'LH', 'LH', 'ELECT', 'ASS ELECT', '', 4, 'GANTI LAMPU MATI 1 EA', '643 X 442', 'ACCOM', 'PERBAIKAN LAMPU KAMAR MANDI BARAK MATI', 77500, 'U01', 80, ''),
('DAP081/09/2016', '', '', '', '', '0324188', '2016-08-15', '2016-08-15', 'A-2/4', 'EFENDI', 'DELIANTO', 'ASIS', 'ARHAM', '', '1', '1', '1', '1', '00', 'GOOD', 'GOOD', '', 'GOOD', '', '', 'LH', 'LH', 'ELECT', 'ASS ELECT', '', 4, 'GANTI KAPASITOR AC', '643 X 442', 'ACCOM', 'PERBAIKAN AC KAMAR PANAS', 70000, 'U01', 81, ''),
('DAP082/09/2016', '', '', '', '', '0324187', '2016-08-15', '2016-08-15', 'A-21', 'EFENDI', 'DELIANTO', 'ASIS', 'ARHAM', '', '1', '1', '1', '1', '00', 'GOOD', 'GOOD', '', 'GOOD', '', '', 'LH', 'LH', 'ELECT', 'ASS ELECT', '', 4, 'PEMBERSIHAN SALURAN PEMBUANGAN AIR', '643 X 442', 'ACCOM', 'PERBAIKAN AC RUANG TAMU BANJIR', 15000, 'U01', 82, ''),
('DAP083/09/2016', '', '', '', '', '0324186', '2016-08-15', '2016-08-15', 'A-18/10', 'EFENDI', 'DELIANTO', 'ASIS', 'ARHAM', '', '1', '1', '1', '1', '00', 'GOOD', 'GOOD', '', 'GOOD', '', '', 'LH', 'LH', 'ELECT', 'ASS ELECT', '', 4, 'PERBAIKAN KEBOCORAN GAS. TAMBAH GAS FREON', '643 X 442', 'ACCOM', 'PERBAIKAN AC KAMAR BANJIR', 83000, 'U01', 83, ''),
('DAP084/09/2016', '', '', '', '', '0324221', '2016-08-22', '2016-08-22', 'J-8/2', 'EFENDI', 'DELIANTO', 'ASIS', 'ARHAM', '', '1', '1', '1', '1', '00', 'GOOD', 'GOOD', '', 'GOOD', '', '', 'LH', 'LH', 'ELECT', 'ASS ELECT', '', 4, 'GANTI TERMISTOR AC', '643 X 442', 'ACCOM', 'PERBAIKAN AC KAMAR RUSAK', 110000, 'U01', 84, ''),
('DAP085/09/2016', '', '', '', '', '0324238', '2016-08-24', '2016-08-24', 'J-01', 'EFENDI', 'DELIANTO', 'ASIS', 'ARHAM', '', '1', '1', '1', '1', '00', 'GOOD', 'GOOD', '', 'GOOD', '', '', 'LH', 'LH', 'ELECT', 'ASS ELECT', '', 4, 'GANTI LAMPU MATI 1 EA', '643 X 442', 'ACCOM', 'PERBAIKAN LAMPU DI KAMAR MANDI MATI', 46250, 'U01', 85, ''),
('DAP086/09/2016', '', '', '', '', '0324239', '2016-08-24', '2016-08-24', 'J-04', 'EFENDI', 'DELIANTO', 'ASIS', 'ARHAM', '', '1', '1', '1', '1', '00', 'GOOD', 'GOOD', '', 'GOOD', '', '', 'LH', 'LH', 'ELECT', 'ASS ELECT', '', 4, 'PENGGANTIAN LAMPU MATI 1 EA', '643 X 442', 'ACCOM', 'PERBAIKAN LAMPU LORONG BARAK MATI', 44350, 'U01', 86, ''),
('DAP087/09/2016', '', '', '', '', '0324240', '2016-08-24', '2016-08-24', 'J-16/4', 'EFENDI', 'DELIANTO', 'ASIS', 'ARHAM', '', '1', '1', '1', '1', '00', 'GOOD', 'GOOD', '', 'GOOD', '', '', 'LH', 'LH', 'ELECT', 'ASS ELECT', '', 4, 'PENGGANTIAN SWITCH LAMPU', '643 X 442', 'ACCOM', 'PERBAIKAN LAMPU DI KAMAR MATI', 36000, 'U01', 87, ''),
('DAP088/09/2016', '', '', '', '', '0324193', '2016-08-15', '2016-08-15', 'LAUNDRY RAYAH', 'EFENDI', 'DELIANTO', 'ASIS', 'ARHAM', '', '1', '1', '1', '1', '00', 'GOOD', 'GOOD', '', 'GOOD', '', '', 'LH', 'LH', 'ELECT', 'ASS ELECT', '', 4, 'PENGGANTIAN OUTLET 1 EA', '643 X 442', 'ACCOM', 'PERBAIKAN OUTLET DI RUANG LAUNDRY RUSAK', 33000, 'U01', 88, ''),
('DAP089/09/2016', '', '', '', '', '0324180', '2016-08-12', '2016-08-12', 'A-16', 'EFENDI', 'DELIANTO', 'ASIS', 'ARHAM', '', '1', '1', '1', '1', '00', 'GOOD', 'GOOD', '', 'GOOD', '', '', 'LH', 'LH', 'ELECT', 'ASS ELECT', '', 4, 'PENGGANTIAN TERMINAL BLOCK', '643 X 442', 'ACCOM', 'PERBAIKAN WATER HEATER DI BARAK TIDAK PANAS', 37400, 'U01', 89, ''),
('DAP090/09/2016', '', '', '', '', '0324192', '2016-08-15', '2016-08-15', 'A-21', 'EFENDI', 'DELIANTO', 'ASIS', 'ARHAM', '', '1', '1', '1', '1', '00', 'GOOD', 'GOOD', '', 'GOOD', '', '', 'LH', 'LH', 'ELECT', 'ASS ELECT', '', 4, 'PENGGANTIAN LAMPU MATI 1 EA', '643 X 442', 'ACCOM', 'PERBAIKAN LAMPU DI LORONG BARAK MATI', 35600, 'U01', 90, ''),
('DAP091/09/2016', '', '', '', '', '0324163', '2016-08-09', '2016-08-09', 'J-17', 'EFENDI', 'DELIANTO', 'ASIS', 'ARHAM', '', '1', '1', '1', '1', '00', 'GOOD', 'GOOD', '', 'GOOD', '', '', 'LH', 'LH', 'ELECT', 'ASS ELECT', '', 4, 'PENGGANTIAN LAMPU MATI 1 EA', '643 X 442', 'ACCOM', 'PERBAIKAN LAMPU DI TERAS BELAKANG BARAK MATI', 44350, 'U01', 91, ''),
('DAP092/09/2016', '', '', '', '', '0324164', '2016-08-09', '2016-08-09', 'J-04', 'EFENDI', 'DELIANTO', 'ASIS', 'ARHAM', '', '1', '1', '1', '1', '00', 'GOOD', 'GOOD', '', 'GOOD', '', '', 'LH', 'LH', 'ELECT', 'ASS ELECT', '', 4, 'PENGGANTIAN LAMPU MATI 1 EA', '643 X 442', 'ACCOM', 'PERBAIKAN LAMPU DI TERAS BARAK MATI', 35600, 'U01', 92, ''),
('DAP093/09/2016', '', '', '', '', '0324222', '2016-08-23', '2016-08-23', 'A-20', 'EFENDI', 'DELIANTO', 'ASIS', 'ARHAM', '', '1', '1', '1', '1', '00', 'GOOD', 'GOOD', '', 'GOOD', '', '', 'LH', 'LH', 'ELECT', 'ASS ELECT', '', 4, 'GANTI BOHLAM 1 EA', '643 X 442', 'ACCOM', 'PERBAIKAN LAMPU DI RUANG TAMU BARAK MATI', 37500, 'U01', 93, ''),
('DAP094/09/2016', '', '', '', '', '0324223', '2016-08-23', '2016-08-23', 'A-14', 'EFENDI', 'DELIANTO', 'ASIS', 'ARHAM', '', '1', '1', '1', '1', '00', 'GOOD', 'GOOD', '', 'GOOD', '', '', 'LH', 'LH', 'ELECT', 'ASS ELECT', '', 4, 'LAMPU MATI DAN KEROPOS. PENGGANTIAN LAMPU BARU 1 SET', '643 X 442', 'ACCOM', 'PERBAIKAN LAMPU DI KAMAR MANDI BARAK MATI', 140000, 'U01', 94, ''),
('DAP095/09/2016', '', '', '', '', '0324224', '2016-08-23', '2016-08-23', 'A-25', 'EFENDI', 'DELIANTO', 'ASIS', 'ARHAM', '', '1', '1', '1', '1', '00', 'GOOD', 'FAIR', '', 'GOOD', '', '', 'LH', 'LH', 'ELECT', 'ASS ELECT', '', 4, 'PENGGANTIAN LAMPU MATI 1 EA', '643 X 442', 'ACCOM', 'PERBAIKAN LAMPU KAMAR MANDI BARAK MATI', 35600, 'U01', 95, ''),
('DAP096/09/2016', '', '', '', '', '0324225', '2016-08-23', '2016-08-23', 'A-22', 'EFENDI', 'DELIANTO', 'ASIS', 'ARHAM', '', '1', '1', '1', '1', '00', 'GOOD', 'GOOD', '', 'GOOD', '', '', 'LH', 'LH', 'ELECT', 'ASS ELECT', '', 4, 'PENGGANTIAN LAMPU MATI 1 EA', '643 X 442', 'ACCOM', 'PERBAIKAN LAMPU DI TOILET KAMAR MANDI BARAK MATI', 35600, 'U01', 96, ''),
('DAP097/09/2016', '', '', '', '', '0324227', '2016-08-23', '2016-08-23', 'A-15/10', 'EFENDI', 'DELIANTO', 'ASIS', 'ARHAM', '', '1', '1', '1', '1', '00', 'GOOD', 'GOOD', '', 'GOOD', '', '', 'LH', 'LH', 'ELECT', 'ASS ELECT', '', 4, 'BERSIHKAN SALURAN PEMBUANGAN', '643 X 442', 'ACCOM', 'PERBAIKAN AC DI KAMAR BANJIR', 15000, 'U01', 97, ''),
('DAP098/09/2016', '', '', '', '', '0324228', '2016-08-23', '2016-08-23', 'A-22/1', 'EFENDI', 'DELIANTO', 'ASIS', 'ARHAM', '', '1', '1', '1', '1', '00', 'GOOD', 'GOOD', '', 'GOOD', '', '', 'LH', 'LH', 'ELECT', 'ASS ELECT', '', 4, 'BERSIHKAN SALURAN PEMBUANGAN AC', '643 X 442', 'ACCOM', 'PERBAIKAN AC DI KAMAR BANJIR', 20000, 'U01', 98, ''),
('DAP099/09/2016', '', '', '', '', '0324236', '2016-08-23', '2016-08-23', 'A-27', 'EFENDI', 'DELIANTO', 'ASIS', 'ARHAM', '', '1', '1', '1', '1', '00', 'GOOD', 'GOOD', '', 'GOOD', '', '', 'LH', 'LH', 'ELECT', 'ASS ELECT', '', 4, 'PENAMBAHAN GAS FREON', '643 X 442', 'ACCOM', 'PERBAIKAN AC RUANG PACKMEAL KURANG DINGIN', 83000, 'U01', 99, ''),
('DAP0100/09/2016', '', '', '', '', '0324237', '2016-08-24', '2016-08-24', 'A-5/9', 'EFENDI', 'DELIANTO', 'ASIS', 'ARHAM', '', '1', '1', '1', '1', '00', 'GOOD', 'GOOD', '', 'GOOD', '', '', 'LH', 'LH', 'ELECT', 'ASS ELECT', '', 4, 'LAMPU MATI DAN KEROPOS. GANTI LAMPU BARU 1 SET', '643 X 442', 'ACCOM', 'PERBAIKAN LAMPU DI KAMAR TERBAKAR', 218000, 'U01', 100, ''),
('DAP0101/09/2016', '', '', '', '', '0324213', '2016-08-18', '2016-08-18', 'J-5/4', 'EFENDI', 'DELIANTO', 'ASIS', 'ARHAM', '', '1', '1', '1', '1', '00', 'GOOD', 'GOOD', '', 'GOOD', '', '', 'LH', 'LH', 'ELECT', 'ASS ELECT', '', 4, 'PEMBERSIHAN SALURAN PEMBUANGAN', '643 X 442', 'ACCOM', 'PERBAIKAN AC KAMAR BOCOR', 5000, 'U01', 101, ''),
('DAP0102/09/2016', '', '', '', '', '0324210', '2016-08-18', '2016-08-18', 'J-21', 'EFENDI', 'DELIANTO', 'ASIS', 'ARHAM', '', '1', '1', '1', '1', '00', 'GOOD', 'GOOD', '', 'GOOD', '', '', 'LH', 'LH', 'ELECT', 'ASS ELECT', '', 4, 'GANTI SKUN KABEL', '643 X 442', 'ACCOM', 'PERBAIKAN BOILING PAN DI DAPUR MESSHALL KONSLET', 10000, 'U01', 102, ''),
('DAP0103/09/2016', '', '', '', '', '0324212', '2016-08-18', '2016-08-18', 'J-11/5', 'EFENDI', 'DELIANTO', 'ASIS', 'ARHAM', '', '1', '1', '1', '1', '00', 'GOOD', 'GOOD', '', 'GOOD', '', '', 'LH', 'LH', 'ELECT', 'ASS ELECT', '', 4, 'PEMBERSIHAN SALURAN PEMBUANGAN AIR', '643 X 442', 'ACCOM', 'PERBAIKAN AC KAMAR BOCOR', 10000, 'U01', 103, ''),
('DAP0104/09/2016', '', '', '', '', '0324211', '2016-08-18', '2016-08-18', 'J-6/7&10', 'EFENDI', 'DELIANTO', 'ASIS', 'ARHAM', '', '1', '1', '1', '1', '00', 'GOOD', 'GOOD', '', 'GOOD', '', '', 'LH', 'LH', 'ELECT', 'ASS ELECT', '', 4, 'PEMBERSIHAN SALURAN PEMBUANGAN AIR', '643 X 442', 'ACCOM', 'PERBAIKAN AC KAMAR BOCOR', 10000, 'U01', 104, ''),
('DAP0105/09/2016', '', '', '', '', '0324234', '2016-08-23', '2016-08-23', 'RECHALL PRIMA', 'EFENDI', 'DELIANTO', 'ASIS', 'ARHAM', '', '1', '1', '1', '1', '00', 'GOOD', 'GOOD', '', 'GOOD', '', '', 'LH', 'LH', 'ELECT', 'ASS ELECT', '', 4, 'PENGGANTIAN LAMPU MATI 1 EA', '643 X 442', 'ACCOM', 'PERBAIAKN LAMPU DI RECHALL RUSAK', 46250, 'U01', 105, ''),
('DAP0106/09/2016', '', '', '', '', '0324208', '2016-08-16', '2016-08-16', 'J-16/11', 'EFENDI', 'DELIANTO', 'ASIS', 'ARHAM', '', '1', '1', '1', '1', '00', 'GOOD', 'GOOD', '', 'GOOD', '', '', 'LH', 'LH', 'ELECT', 'ASS ELECT', '', 4, 'LAMPU MATI DAN KEROPOS. GANTI LAMPU BARU 1 SET', '643 X 442', 'ACCOM', 'PERBAIKAN LAMPU DI KAMAR MATI', 140810, 'U01', 106, ''),
('DAP0107/09/2016', '', '', '', '', 'A59979', '2016-08-31', '2016-09-09', 'MURUNG', 'HARY', 'RICKI', '', '', '', '1', '1', '00', '00', '00', 'GOOD', 'GOOD', '', 'GOOD', '', '', 'SPV', 'ELECT', '', '', '', 2, 'LAMPU MATI DAN BALAST RUSAK. GANTI LAMPU BARU 3 EA', '642 X 199', 'SONDANG TAMBUNAN', 'PERBAIKAN LAMPU KAMAR MANDI MATI', 445000, 'U01', 107, ''),
('DAP0108/09/2016', '', '', '', '', '023039', '2016-08-15', '2016-08-15', 'S-11', 'EFENDI', 'DELIANTO', 'ASIS', 'ARHAM', '', '1', '1', '1', '1', '00', 'GOOD', 'GOOD', '', 'GOOD', '', '', 'LH', 'LH', 'ELECT', 'ASS ELECT', '', 4, 'PENGGANTIAN NEPEL, CAPASITOR DAN TAMBAH GAS FREON', '840 X 440', 'DEWI KASIM', 'PERBAIKAN AC PANAS RUANG MANAGER ER ', 545200, 'U01', 108, ''),
('DAP0109/09/2016', '', '', '', '', 'A58349', '2016-07-26', '2016-07-26', 'KLINIK SOS SWARGABARA', 'EFENDI', 'DELIANTO', 'ASIS', 'ARHAM', '', '1', '1', '1', '1', '00', 'GOOD', 'GOOD', '', 'GOOD', '', '', 'LH', 'LH', 'ELECT', 'ASS ELECT', '', 4, 'PENGGANTIAN OUTLET DAN PENYAMBUNGAN KABEL', '430 X 440', 'YULI INDAH SARI', 'PERBAIKAN AC RUANG DENTAL DAN PERBAIKAN LISTRIK DI LAB', 45000, 'U01', 109, ''),
('DAP0110/09/2016', '', '', '', '', '023043', '2016-08-10', '2016-08-10', 'S-11', 'EFENDI', 'DELIANTO', 'ASIS', 'ARHAM', '', '2', '2', '2', '2', '00', 'GOOD', 'GOOD', '', 'GOOD', '', '', 'LH', 'LH', 'ELECT', 'ASS ELECT', '', 8, 'PENGGANTIAN LAMPU MATI 13 EA', '845 X ', 'DANO MAPI', 'TINDAK LANJUT PENCAHAYAAN ', 3414620, 'U01', 110, ''),
('DAP0111/09/2016', '', '', '', '', 'A58372', '2016-08-23', '2016-08-23', 'KLINIK SOS SWARGABARA', 'EFENDI', 'DELIANTO', 'ASIS', 'ARHAM', '', '1', '1', '1', '1', '00', 'GOOD', 'GOOD', '', 'GOOD', '', '', 'LH', 'LH', 'ELECT', 'ASS ELECT', '', 4, 'PEMBERSIHAN FILTER DAN SALURAN PEMBUANGAN', '430 X 440', 'YULI INDAH SARI', 'PERBAIKAN AC RUANG OPD DAN RUANG KONSULTASI OI', 15000, 'U01', 111, ''),
('DAP0112/09/2016', '', '', '', '', '023046', '2016-08-24', '2016-08-24', 'S-11', 'EFENDI', 'DELIANTO', 'ASIS', 'ARHAM', '', '2', '2', '2', '2', '00', 'GOOD', 'GOOD', '', 'GOOD', '', '', 'LH', 'LH', 'ELECT', 'ASS ELECT', '', 8, 'BERSIHKAN DRAIN DAN SALURAN PEMBUANGAN. TAMBAH GAS FREON', '840 X 440', 'DEWI KASIM', 'PERBAIKAN AC RUANG MANAGER BOCOR DERAS', 103000, 'U01', 112, ''),
('DAP0113/09/2016', '', '', '', '', 'A240514', '2016-08-30', '2016-09-05', 'M-2 ESD', 'HARY', 'RICKI', '', '', '', '1', '1', '00', '00', '00', 'GOOD', 'GOOD', '', 'GOOD', '', '', 'SPV', 'ELECT', '', '', '', 2, 'DISCONECT POWER OUTLET', '800 X 440', 'HELENA DAMANIK', 'PEMINDAHAN OUTLET LISTRIK & KABEL NETWORK', 12000, 'U01', 113, ''),
('DAP0114/09/2016', '', '', '', '', 'A58371', '2016-07-19', '2016-08-19', 'KLINIK SOS SWARGABARA', 'EFENDI', 'DELIANTO', 'ASIS', 'ARHAM', '', '1', '1', '1', '1', '00', 'GOOD', 'GOOD', '', 'GOOD', '', '', 'LH', 'LH', 'ELECT', 'ASS ELECT', '', 4, 'PENGGANTIAN LAMPU MATI 8 EA', '430 X 440', 'YULI INDAH SARI', 'PERBAIKAN LAMPU DI R.TUNGGU OPD, R OBSERVASI 1, R  OXYGEN STORE DAN R. JENASAH', 1496250, 'U01', 114, ''),
('DAP0115/09/2016', '', '', '', '', 'A46503', '2016-08-23', '2016-08-23', 'S-22', 'EFENDI', 'DELIANTO', 'ASIS', 'ARHAM', '', '1', '1', '1', '1', '00', 'GOOD', 'GOOD', '', 'GOOD', '', '', 'LH', 'LH', 'ELECT', 'ASS ELECT', '', 4, 'PENGGANTIAN LAMPU MATI 1 EA', '830 X 440', 'NURUL KARIM', 'PERBAIKAN FITTING LAMPU DI RUANG SECRETARY', 38310, 'U01', 115, ''),
('DAP0116/09/2016', '', '', '', '', 'A47847', '2016-06-10', '2016-06-10', 'S-22', 'EFENDI', 'DELIANTO', 'ASIS', 'ARHAM', '', '1', '1', '1', '1', '00', 'GOOD', 'GOOD', '', 'GOOD', '', '', 'LH', 'LH', 'ELECT', 'ASS ELECT', '', 4, 'PENGGANTIAN SENSOR AC', '830 X ', 'RUSMIATI', 'PERBAIKAN AC SERING MATI DAN BOCOR', 145000, 'U01', 116, ''),
('DAP0117/09/2016', '', '', '', '', 'A47812', '2016-06-17', '2016-06-17', 'S-22', 'EFENDI', 'DELIANTO', 'ASIS', 'ARHAM', '', '1', '1', '1', '1', '00', 'GOOD', 'GOOD', '', 'GOOD', '', '', 'LH', 'LH', 'ELECT', 'ASS ELECT', '', 4, 'CEK AC KONDENSASI. BERSIHKAN DRAIN', '830 X ', 'RUSMIATI', 'PERBAIKAN INSTALASI AC YANG BOCOR DI GUDANG BELAKANG ', 10000, 'U01', 117, ''),
('DAP0118/09/2016', '', '', '', '', '0324118', '2016-08-05', '2016-08-05', 'A-03', 'EFENDI', 'DELIANTO', 'ASIS', 'ARHAM', '', '1', '1', '1', '1', '00', 'GOOD', 'GOOD', '', 'GOOD', '', '', 'LH', 'LH', 'ELECT', 'ASS ELECT', '', 4, 'PENGGANTIAN EXHAUSTAN BARU 1 UNIT', '643 X 442', 'ACCOM', 'PERBAIKAN EXHAUSTFAN DI KAMAR MANDI RUSAK', 500000, 'U01', 118, ''),
('DAP0119/09/2016', '', '', '', '', '0324178', '2016-08-11', '2016-08-11', 'POS SECURITY PRIMA', 'EFENDI', 'DELIANTO', 'ASIS', 'ARHAM', '', '1', '1', '1', '1', '00', 'GOOD', 'GOOD', '', 'GOOD', '', '', 'LH', 'LH', 'ELECT', 'ASS ELECT', '', 4, 'PENGGANTIAN LAMPU MATI 2 EA. PENGGANTIAN CAPASITOR FAN', '643 X 442', 'ACCOM', 'PERBAIKAN KIPAS ANGIN DAN LAMPU DI POS SECURITY WISMA PRIMA', 161000, 'U01', 119, ''),
('DAP0120/09/2016', '', '', '', '', '0324104', '2016-08-02', '2016-08-02', 'J-17/10', 'EFENDI', 'DELIANTO', 'ASIS', 'ARHAM', '', '1', '1', '1', '1', '00', 'GOOD', 'GOOD', '', 'GOOD', '', '', 'LH', 'LH', 'ELECT', 'ASS ELECT', '', 4, 'GANTI KAPASITOR AC', '643 X 442', 'ACCOM', 'PERBAIKAN AC KAMAR TIDAK DINGIN', 70000, 'U01', 120, ''),
('DAP0121/09/2016', '', '', '', '', '0323937', '2016-08-14', '2016-07-21', 'J-21', 'EFENDI', 'DELIANTO', 'ASIS', 'ARHAM', '', '1', '2', '2', '2', '00', 'GOOD', 'GOOD', '', 'GOOD', '', '', 'LH', 'LH', 'ELECT', 'ASS ELECT', '', 7, 'PENGGANTIAN KABEL DAN TAGGING', '643 X 442', 'ACCOM', 'PERBAIKAN KABEL MESIN TOASTER DAN TAGGING SOUP TURIN', 78300, 'U01', 121, ''),
('DAP0122/09/2016', '', '', '', '', 'A55604', '2016-08-20', '2016-06-01', 'LUBUK TUTUNG & PIT A BENGALON', 'BAYU', 'ANDI', 'JUPRI', 'SLAMET', '', '2', '4', '2', '2', '00', 'GOOD', 'GOOD', '', 'GOOD', '', '', 'ELECT', 'ELECT', 'ELECT', 'ASS ELECT', '', 10, 'PENGGANTIAN CAPASITOR AC DAN PENAMBAHAN OTLET 3 EA', '580 S 440', 'KETUT AGASTYA', 'PERBAIAKN AC DAN SWITCH POMPA. PENAMBAHAN OUTLET LISTRIK RUANG SUPT OPERATION', 1263160, 'U01', 122, ''),
('DAP0123/09/2016', '', '', '', '', '0323265', '2016-08-07', '2016-06-16', 'A-14', 'JILVAN', 'ALOY', 'ANDI', '', '', '3', '3', '3', '00', '00', 'GOOD', 'GOOD', '', 'GOOD', '', '', 'ELECT', 'ELECT', 'ELECT', '', '', 9, 'PERBAIKAN DAN PENGGANTIAN 4 UNIT LAMPUEMERGENCY', '643 X 442', 'ACCOM', 'PERBAIKAN LAMPU EMERGENCY DI BARAK MATI', 358400, 'U01', 123, ''),
('DAP0124/09/2016', '', '', '', '', 'A46502', '2016-06-29', '2016-06-29', 'S-21', 'EFENDI', 'DELIANTO', 'ASIS', 'ARHAM', '', '1', '1', '1', '1', '00', 'GOOD', 'GOOD', '', 'GOOD', '', '', 'LH', 'LH', 'ELECT', 'ASS ELECT', '', 4, 'INSTALL AC DAN PENAMBAHAN BEBERAPA MATERIAL', '830 X 440', 'RUSMIATI', 'PEMASANGAN AC 1 UNIT UNTUK KEPERLUAN KANTOR ', 1096760, 'U01', 124, ''),
('DAP0125/09/2016', '', '', '', '', 'TR 14071', '2016-06-27', '2016-06-27', 'S-24', 'EFENDI', 'DELIANTO', 'ASIS', 'ARHAM', '', '1', '1', '1', '1', '00', 'GOOD', 'GOOD', '', 'GOOD', '', '', 'LH', 'LH', 'ELECT', 'ASS ELECT', '', 4, 'BALAS DAN LAMPU RUSAK. GANTI LAMPU 3 EA', '254 X 440', 'NUR ROHMAN', 'PERBAIKAN LAMPU TERAS KANTOR S24', 219200, 'U01', 125, ''),
('DAP0126/09/2016', '', '', '', '', '0324136', '2016-08-08', '2016-08-08', 'J-11/5', 'EFENDI', 'DELIANTO', 'ASIS', 'ARHAM', '', '1', '1', '1', '1', '00', 'GOOD', 'GOOD', '', 'GOOD', '', '', 'LH', 'LH', 'ELECT', 'ASS ELECT', '', 4, 'PERBAIKAN KEBOCORAN DAN TAMBAH GAS FREON', '643 X 442', 'ACCOM', 'PERBAIKAN AC KAMAR BOCOR', 83000, 'U01', 126, ''),
('DAP0127/09/2016', '', '', '', '', '0324145', '2016-08-09', '2016-08-09', 'A-16/7', 'EFENDI', 'DELIANTO', 'ASIS', 'ARHAM', '', '1', '1', '1', '1', '00', 'GOOD', 'GOOD', '', 'GOOD', '', '', 'LH', 'LH', 'ELECT', 'ASS ELECT', '', 4, 'PENGGANTIAN REMOTE DAN BATTERAY REMOTE AC', '643 X 442', 'ACCOM', 'PERBAIKAN REMOTE AC DI KAMR TIDAK BERFUNGSI', 175050, 'U01', 127, ''),
('DAP0128/09/2016', '', '', '', '', 'A48441', '2016-08-27', '2016-07-18', 'LUBUK TUTUNG BENGALON', 'BUDI', 'ANDI', 'BAYU SETYO', 'JUFRIYANTO', '', '10', '10', '10', '10', '00', 'GOOD', 'GOOD', '', 'GOOD', '', '', 'SPV', 'ELECT', 'ELECT', 'ELECT', '', 40, 'PENARIKAN POWER BARU, INSTALL POWER. PEMASANGAN CB DAN PIPA CONDUIT', '232 S 421', 'WARDA SYAFAR', 'PENYAMBUNGAN LISTRIK KE SMS3000 LUBUK TUTUNG', 7335100, 'U01', 128, ''),
('DAP0129/09/2016', '', '', '', '', '0322901', '2016-08-18', '2016-08-18', 'AQUATIC LANAL', 'KOMARUDIN', 'NALTO', 'DIDIK', '', '', '1', '1', '1', '00', '00', 'GOOD', 'GOOD', '', 'GOOD', '', '', 'SPV', 'ELECT', 'ASS ELECT', '', '', 3, 'PEMASANGAN CABLE DUCTING', '643 X 441', 'ACCOM', 'PASANG KABEL DUCTING', 97600, 'U01', 129, ''),
('DAP0130/09/2016', '', '', '', '', '0323773', '2016-08-08', '2016-06-29', 'A-5', 'JILVAN', 'ALOY', 'ASIS', '', '', '4', '4', '4', '00', '00', 'GOOD', 'GOOD', '', 'Good', '', '', 'ELECT', 'ELECT', 'ELECT', '', '', 12, 'LAMPU EMERGENCY MATI TOTAL DAN KEROPOS. GANTI BOLA LAMPU DAN BATERAY', '643 X 442', 'ACCOM', 'PERBAIKAN LAMPU EMERGENCY DI BARAK MATI', 580100, 'U01', 130, ''),
('DAP0131/09/2016', '', '', '', '', '0322762', '2016-08-18', '2016-08-09', 'T-60/2', 'ALOY', 'ALOY', 'JILVAN', '', '', '3', '3', '3', '00', '00', 'GOOD', 'GOOD', '', 'GOOD', '', '', 'ELECT', 'ELECT', 'ELECT', '', '', 9, 'KOMPRESOR AMPERE TINGGI. GANTI KOMPRESOR KAPS.9000BTU', '643 X 441', 'ACCOM', 'PERBAIKAN AC BISING DAN TIDAK DINGIN', 3099930, 'U01', 131, ''),
('DAP0132/09/2016', '', '', '', '', '0024368', '2016-06-01', '2016-05-16', 'M-15 GEOLOGY', 'IRWAN', 'MUHAMMAD', '', '', '', '3', '3', '00', '00', '00', 'GOOD', 'GOOD', '', 'GOOD', '', '', 'LH', 'ASST.ELECT', '', '', '', 6, 'PERBAIKAN 14 UNIT KIPAS ANGIN. GANTI 1 UNIT KIPAS ANGIN BARU. GANTI CAPASITOR, BERAING DAN REGULATOR', '566 S 440', 'WULAN', 'PERBAIKAN KIPAS ANGIN DI CRUSHED M15', 1281300, 'U01', 132, ''),
('DAP0133/09/2016', '', '', '', '', '0324146', '2016-08-09', '2016-08-09', 'A-04', 'EFENDI', 'DELIANTO', 'ASIS', 'ARHAM', '', '1', '1', '1', '1', '00', 'GOOD', 'GOOD', '', 'GOOD', '', '', 'LH', 'LH', 'ELECT', 'ASS ELECT', '', 4, 'LAMPU MATI DAN RUSAK. GANTI LAMPU BARU 1 SET', '643 X 442', 'ACCOM', 'PERBAIKAN LAMPU RUANG TAMU BARAK MATI', 218000, 'U01', 133, ''),
('DAP0134/09/2016', '', '', '', '', '0323284', '2016-08-01', '2016-06-20', 'A-12/8', 'JILVAN', 'ALOY', 'ANDI', '', '', '3', '3', '3', '00', '00', 'GOOD', 'GOOD', '', 'GOOD', '', '', 'ELECT', 'ELECT', 'ELECT', '', '', 9, 'KOMPRESOR KONTAK BODY, AMPERE TINGGI DAN GULUNGAN KOMPRESOR TERBAKAR. GANTI KOMPRESOR KAPASITAS 7000', '643 X 442', 'ACCOM', 'PERBAIKAN AC KAMAR TIDAK DINGIN', 3747230, 'U01', 134, ''),
('DAP0135/09/2016', '', '', '', '', 'A55603', '2016-09-18', '2016-06-01', 'BENGALON AREA', 'BAYU', 'ANDI', 'SLAMET', 'ANDIKA', '', '8', '6', '2', '2', '', 'GOOD', 'GOOD', '', 'GOOD', '', '', 'ELECT', 'ELECT', 'ASS ELECT', 'ELECT', '', 18, 'RETAGING 114 UNIT PERALATAN LISTRIK', '580 S 440', 'ADRIAN', 'TAGGING OUTLET DAN PERALATAN LISTRIK DI AREA BENGALON', 4585840, 'U01', 145, ''),
('DAP0136/09/2016', '', '', '', '', 'A41479', '2016-07-26', '2016-07-26', 'J-22', 'EFENDI', 'DELIANTO', 'ASIS', 'ARHAM', '', '1', '1', '1', '1', '00', 'GOOD', 'GOOD', '', 'GOOD', '', '', 'LH', 'LH', 'ELECT', 'ASS ELECT', '', 4, 'GANTI LAMPU 2 EA', '440 X 440', 'RONALD HANS EKO', 'PENGGANTIAN LAMPU TK DI KANTOR LD DEPT.', 92500, 'U01', 136, ''),
('DAP0137/09/2016', '', '', '', '', '011699', '2016-09-01', '2016-08-25', 'M-15 ENVIRO', 'CARBAN', 'ALI M', 'ANDI', '', '', '2', '2', '2', '00', '00', 'GOOD', 'GOOD', '', 'GOOD', '', '', 'ELECT', 'ELECT', 'ELECT', '', '', 6, 'PENGGANTIAN MAGNIT KONTAKTOR DAN SWITCH', '321 X 199', 'LILI SANDRIANI', 'PERBAIKAN KOMPRESOR TIDAK BISA MENYALA', 908100, 'U01', 137, '');
INSERT INTO `penjualan` (`no_penjualan`, `no_alocation`, `quality`, `quality2`, `quality3`, `workrequest`, `tgl_penjualan`, `tgl_order`, `nomor_meja`, `karyawan`, `karyawan2`, `karyawan3`, `karyawan4`, `karyawan5`, `hours`, `hours2`, `hours3`, `hours4`, `hours5`, `mt`, `mt2`, `mt3`, `hses`, `hses2`, `hses3`, `trade`, `trade2`, `trade3`, `trade4`, `trade5`, `totjam`, `done`, `cost`, `pelanggan`, `keterangan`, `uang_bayar`, `kd_user`, `id`, `cic`) VALUES
('DAP0138/09/2016', '', '', '', '', 'A56071', '2016-07-12', '2016-07-11', 'SURYA', 'IRWAN', 'MUHAMMAD', '', '', '', '1', '1', '00', '00', '00', 'GOOD', 'GOOD', '', 'GOOD', '', '', 'LH', 'ASST.ELECT', '', '', '', 2, 'PERBAIKAN TUBING YANG BOCOR. TAMBAH GAS FREON', '170 S 440', 'GIANTI', 'PERBAIKAN AC RUANG MEETING DAN AC CENTRAL SURYA', 166000, 'U01', 138, ''),
('DAP0139/09/2016', '', '', '', '', 'A55603', '2016-08-18', '2016-06-01', 'BENGALON AREA', 'BAYU', 'ANDI', 'SLAMET', 'ANDIKA', '', '8', '6', '2', '2', '00', 'GOOD', 'GOOD', '', 'G', '', '', 'ELECT', 'ELECT', 'ASS ELECT', 'ELECT', '', 18, 'RETAGGING 114 UNIT PERALATAN LISTRIK', '580 S 440', 'ADRIAN', 'TAGGING OUTLET DAN PERALATAN LISTRIK DI AREA BENGALON', 4585840, 'U01', 139, ''),
('DAP0140/09/2016', '', '', '', '', '00054077', '2016-09-10', '2016-09-10', 'M-6 HTM', 'IRWAN', 'MUHAMMAD', '', '', '', '3', '3', '00', '00', '00', 'GOOD', 'GOOD', '', 'GOOD', '', '', 'LH', 'ASST.ELECT', '', '', '', 6, 'INSTAL INSTALASI POWER OUTLET BARU DAN TAGGING OUTLET', '180 S 440', 'ERNI', 'PENAMBAHAN OUTLET 3 EA DI RUANG MEETING M6', 535600, 'U01', 140, ''),
('DAP0141/09/2016', '', '', '', '', '0051254', '2016-09-01', '2016-09-01', 'M-2 MDD ', 'HARY', 'RICKI', '', '', '', '1', '1', '00', '00', '00', 'GOOD', 'GOOD', '', 'GOOD', '', '', 'SPV', 'ELECT', '', '', '', 2, 'PENGGANTIAN LAMPU MATI 8 EA', '500 S 440', 'NINING SYARIFAH', 'PENGGANTIAN LAMPU DI MDD, LORONG DAN LOBI GEDUNG M2', 366200, 'U01', 141, ''),
('DAP0142/09/2016', '', '', '', '', 'TR 14071', '2016-07-14', '2016-09-14', 'S-24', 'EFENDI', 'DELIANTO', 'ASIS', 'ARHAM', '', '5', '5', '5', '5', '00', 'GOOD', 'GOOD', '', 'GOOD', '', '', 'LH', 'LH', 'ELECT', 'ASS ELECT', '', 20, 'CLEANING 5 UNIT AC, TAGGING PERALATAN LISTRIK DAN INSTALL OUTLET BARU', '254 X 440', 'NUR ROHMAN', 'PERBAIKAN / SERVICE AC DI S24 DAN MURUNG DMM, TAGGING PERALATAN LISTRIK', 3936200, 'U01', 142, ''),
('DAP0143/09/2016', '', '', '', '', 'A334574', '2016-09-01', '2016-08-29', 'BINTANG', 'IRWAN', 'MUHAMMAD', '', '', '', '3', '3', '00', '00', '00', 'GOOD', 'GOOD', '', 'GOOD', '', '', 'LH', 'ASST.ELECT', '', '', '', 6, 'INSTALL DAN TARIK KABEL PPOWER OUTLET BARU. PEMASANGAN OUTLET ( OUTLET WATERPROOF UNTUK TEMPAT PENGI', '734 S 199', 'MURSALIM', 'INSTAL 1 PORT CB DI AREA PENGISIAN AIR MINUM DAN INSTAL DUA PORT CB DI RUANG LV', 2432600, 'U01', 143, ''),
('DAP0144/09/2016', '', '', '', '', '00053807', '2016-08-26', '2016-08-24', 'C-3 CPP', 'FARHAN', 'DEDI WAHYU', 'SLAMET', 'JUFRIYANTO', '', '7', '7', '7', '7', '00', 'GOOD', 'GOOD', '', 'GOOD', '', '', 'SPV', 'ELECT', 'ASS ELECT', 'ELECT', '', 28, 'SERVICE 15 UNIT AC, PENAMBAHAN GAS FREON', '690 S 429', 'MIRANTI NANDA', 'MOHON DIBANTU UNTUK DILAKUKAN SERVIS AC DI LAB CPP', 99000, 'U01', 144, ''),
('DAP0149/09/2016', '', '', '', '', 'A46583', '2016-09-01', '2016-08-29', 'TW LV ROAD 9', 'RUSMANI', 'SISWAJI', '', '', '', '10', '10', '00', '00', '00', 'GOOD', 'GOOD', '', 'GOOD', '', '', 'ELECT', 'ELECT', '', '', '', 20, 'STANDARISASI DAN RETAGGING 17 UNIT PERALATAN LISTRIK. PEMBUATAN CABLE EXTENTION', '114 S 440', 'SALEH ST', 'TAGGING PERALATAN LISTRIK DAN PEMBUATAN EXTENTION CABLE', 1529300, 'U01', 149, ''),
('DAP0147/09/2016', '', '', '', '', 'A55616', '2016-07-16', '2016-07-11', 'LUBUK TUTUNG & PIT A BENGALON', 'ALOY', 'BAYU', 'ANDI', 'ANDIKA', 'JUPRI', '4', '7', '4', '3', '3', 'GOOD', 'GOOD', '', 'GOOD', '', '', 'ELECT', 'ELECT', 'ELECT', 'ELECT', 'ELECT', 21, 'PENGGANTIAN LAMPU MATI EA. RETAGGING 157 UNIT PERALATAN LISTRIK. PERBAIKAN 3 UNIT AC, GANTI FAN COND', '580 S 440', 'EKO SETYO BASUKI', 'TAGGING PERALATAN LISTRIK, PERBAIKAN AC R.ENGINER & R.MAKAN & MUSHOLAH,GANTI LAMPU MATI 10 EA', 13034624, 'U01', 147, ''),
('DAP0148/09/2016', '', '', '', '', 'A53712', '2016-09-14', '2016-09-08', 'SURYA', 'IRWAN', 'MUHAMMAD', '', '', '', '1', '1', '00', '00', '00', 'GOOD', 'GOOD', '', 'GOOD', '', '', 'LH', 'ASST.ELECT', '', '', '', 2, 'PENGGANTIAN LAMPU MATI 4 EA', '', 'ANI SURYANI', 'PENGGANTIAN LAMPU MATI DI RUANG MEEING BLASTING SU3', 185000, 'U01', 148, ''),
('DAP0150/09/2016', '', '', '', '', 'A49030', '2016-06-24', '2016-06-24', 'POOL BAR', 'RISAL', 'FATHUR', 'ARWAN', 'DEDI NUEL', '', '1', '1', '1', '1', '00', 'GOOD', 'GOOD', '', 'GOOD', '', '', 'LH', 'ELECT', 'ELECT', 'ASS ELECT', '', 4, 'PENGGANTIAN LAMPU MATI 3 EA', '643 X 441', 'ACCOM', 'PERBAIKAN LAMPU TAMAN ADA YANG MELEDAK SERTA PECAH', 530000, 'U01', 150, ''),
('DAP0151/09/2016', '', '', '', '', '0322361,', '2016-07-14', '2016-07-13', 'POS A,B,C BATU PUTIH', 'RUSMANI', 'SISWAJI', 'ANDIKA', '', '', '2', '2', '2', '00', '00', 'GOOD', 'GOOD', '', 'GOOD', '', '', 'ELECT', 'ELECT', 'ELECT', '', '', 6, 'GANTI LAMPU MATI 1 SET. RETAGGING 7 UNIT PERALATAN LISTRIK', '643 X 441', 'ACCOM', 'RENEWAL TAGGING DAN PENGGANTIAN LAMPU MATI', 333000, 'U01', 151, ''),
('DAP0152/09/2016', '', '', '', '', 'A36929', '2016-08-02', '2016-08-01', 'HATARI', 'BUDI', 'BAYU', '', '', '', '1', '1', '00', '00', '00', 'GOOD', 'GOOD', '', 'GOOD', '', '', 'SPV', 'ELECT', '', '', '', 2, 'TAGGING 7 UNIT PERALATAN PORTABLE', '710 S 440', 'WAHYUDI', 'PEMASANGAN TAGGING COFFE MAKER DAN WATER BOILER', 175000, 'U01', 152, ''),
('DAP0153/09/2016', '', '', '', '', 'A48432', '2016-08-24', '2016-05-27', 'PIT A BENGALON & CAMP SEPASO', 'BUDI', 'ALOY', 'ANDI', 'JILVAN', 'BAYU', '11', '18', '34', '23', '16', 'GOOD', 'GOOD', '', 'GOOD', '', '', 'SPV', 'ELECT', 'ELECT', 'ELECT', 'ELECT', 102, 'PERBAIKAN 6 UNIT AC, GANTI KOMPR. 4 UNIT KAPS. 9000BTU 3 UNIT & 12000BTU 1 UNIT. PENGGANTIAN PCB AC.', '230 S 440', 'WARDA SYAFAR', 'PERBAIKAN AC D PONDOK F.S PIT A, CAMP SEPASO DAN LTT. DIS/RECONECT POWER SUPPLY CONTAINER. TAGGING', 22542253, 'U01', 153, '');

-- --------------------------------------------------------

--
-- Table structure for table `penjualan_item`
--

CREATE TABLE `penjualan_item` (
  `no_penjualan` varchar(170) NOT NULL,
  `kd_menu` varchar(10) NOT NULL,
  `harga` int(12) NOT NULL,
  `jumlah` int(3) NOT NULL,
  `id` int(34) NOT NULL
) ENGINE=MyISAM DEFAULT CHARSET=latin1;

-- --------------------------------------------------------

--
-- Table structure for table `supplier`
--

CREATE TABLE `supplier` (
  `kd_supplier` char(3) NOT NULL,
  `nm_supplier` varchar(100) NOT NULL,
  `alamat` varchar(200) NOT NULL,
  `no_telepon` varchar(20) NOT NULL
) ENGINE=MyISAM DEFAULT CHARSET=latin1;

--
-- Dumping data for table `supplier`
--

INSERT INTO `supplier` (`kd_supplier`, `nm_supplier`, `alamat`, `no_telepon`) VALUES
('S01', 'Superindo Mart', 'Jl. Adisucipto, Yogyakarta', '02741111111'),
('S02', 'Pasar Sayur - Bantengan', 'Jl. Pleret, Blok O, Yogyakarta', '-'),
('S03', 'Bp. Bejo Sumijo (Telur)', 'Jl. Bantul, 120, Yogyakarta', '081912121212'),
('S04', 'Polarindo (Es Polar)', 'Jl. Adisucipto, Yogyakarta', '027412121212');

-- --------------------------------------------------------

--
-- Table structure for table `tmp_pembelian`
--

CREATE TABLE `tmp_pembelian` (
  `id` int(4) NOT NULL,
  `kd_user` char(3) NOT NULL,
  `item_barang` varchar(100) NOT NULL,
  `harga` int(12) NOT NULL,
  `jumlah` int(3) NOT NULL,
  `satuan` varchar(20) NOT NULL
) ENGINE=MyISAM DEFAULT CHARSET=latin1;

-- --------------------------------------------------------

--
-- Table structure for table `tmp_penjualan`
--

CREATE TABLE `tmp_penjualan` (
  `id` int(4) NOT NULL,
  `kd_user` varchar(30) NOT NULL,
  `kd_menu` varchar(56) NOT NULL,
  `harga` int(10) NOT NULL,
  `jumlah` int(3) NOT NULL
) ENGINE=MyISAM DEFAULT CHARSET=latin1;

-- --------------------------------------------------------

--
-- Table structure for table `user`
--

CREATE TABLE `user` (
  `kd_user` char(3) NOT NULL,
  `nm_user` varchar(100) NOT NULL,
  `no_telepon` varchar(20) NOT NULL,
  `username` varchar(20) NOT NULL,
  `password` varchar(200) NOT NULL,
  `level` enum('Kasir','Admin') NOT NULL DEFAULT 'Kasir'
) ENGINE=MyISAM DEFAULT CHARSET=latin1;

--
-- Dumping data for table `user`
--

INSERT INTO `user` (`kd_user`, `nm_user`, `no_telepon`, `username`, `password`, `level`) VALUES
('U01', 'Bunafit Nugroho', '081911111111111', 'admin', '21232f297a57a5a743894a0e4a801fc3', 'Admin'),
('U02', 'Fitria Prasetya', '081911111111111', 'kasir', 'c7911af3adbd12a035b289556d96470a', 'Kasir'),
('U03', 'Fitria Prasetiawati', '081911111111111', 'fitria', 'ef208a5dfcfc3ea9941d7a6c43841784', 'Kasir'),
('uk2', 'andreas', '232323', 'admin', '827ccb0eea8a706c4c34a16891f84e7b', 'Admin');

--
-- Indexes for dumped tables
--

--
-- Indexes for table `kategori`
--
ALTER TABLE `kategori`
  ADD PRIMARY KEY (`kd_kategori`);

--
-- Indexes for table `menu`
--
ALTER TABLE `menu`
  ADD PRIMARY KEY (`kd_menu`);

--
-- Indexes for table `pembelian`
--
ALTER TABLE `pembelian`
  ADD PRIMARY KEY (`no_pembelian`);

--
-- Indexes for table `pembelian_item`
--
ALTER TABLE `pembelian_item`
  ADD KEY `nomor_penjualan_tamu` (`no_pembelian`,`item_barang`);

--
-- Indexes for table `pemesanan`
--
ALTER TABLE `pemesanan`
  ADD PRIMARY KEY (`id`);

--
-- Indexes for table `penjualan`
--
ALTER TABLE `penjualan`
  ADD PRIMARY KEY (`no_penjualan`);

--
-- Indexes for table `penjualan_item`
--
ALTER TABLE `penjualan_item`
  ADD PRIMARY KEY (`id`),
  ADD KEY `nomor_penjualan_tamu` (`no_penjualan`,`kd_menu`);

--
-- Indexes for table `supplier`
--
ALTER TABLE `supplier`
  ADD PRIMARY KEY (`kd_supplier`);

--
-- Indexes for table `tmp_pembelian`
--
ALTER TABLE `tmp_pembelian`
  ADD PRIMARY KEY (`id`);

--
-- Indexes for table `tmp_penjualan`
--
ALTER TABLE `tmp_penjualan`
  ADD PRIMARY KEY (`id`);

--
-- AUTO_INCREMENT for dumped tables
--

--
-- AUTO_INCREMENT for table `pemesanan`
--
ALTER TABLE `pemesanan`
  MODIFY `id` int(4) NOT NULL AUTO_INCREMENT, AUTO_INCREMENT=333;
--
-- AUTO_INCREMENT for table `penjualan_item`
--
ALTER TABLE `penjualan_item`
  MODIFY `id` int(34) NOT NULL AUTO_INCREMENT, AUTO_INCREMENT=62;
--
-- AUTO_INCREMENT for table `tmp_pembelian`
--
ALTER TABLE `tmp_pembelian`
  MODIFY `id` int(4) NOT NULL AUTO_INCREMENT, AUTO_INCREMENT=6;
--
-- AUTO_INCREMENT for table `tmp_penjualan`
--
ALTER TABLE `tmp_penjualan`
  MODIFY `id` int(4) NOT NULL AUTO_INCREMENT, AUTO_INCREMENT=221;
/*!40101 SET CHARACTER_SET_CLIENT=@OLD_CHARACTER_SET_CLIENT */;
/*!40101 SET CHARACTER_SET_RESULTS=@OLD_CHARACTER_SET_RESULTS */;
/*!40101 SET COLLATION_CONNECTION=@OLD_COLLATION_CONNECTION */;
